class_key,class_name_cn,group_key,group_role,base_priority,allow_when_ai_locked,max_questions_per_round,activation_condition,class_gate_type,class_switch_allowed,unknown_switch_policy,ai_locked_confirm_penalty,pseudo_symptom_allowed,data_status,data_source,audit_note,followup_mode_v1,class_level_allows_runtime_v1,group_runtime_eligibility_rule,asset_validation_required,asset_validation_minimum,semantic_admission_required,partial_runtime_penalty_rule,effective_runtime_v1,runtime_block_reason,asset_status,codex_action_required
yellowing_mode,黄叶分流模式,leaf_yellowing_group,confirm,92,False,1,AI 首个高置信黄叶/黄化类 symptom,soft,False,deprioritize_after_1_unknown,0.35,True,partial,https://www.rhs.org.uk/problems/chlorosis | https://extension.umd.edu/resource/yellowing-leaves-indoor-plants,按最终版规范收紧后，推荐 role=confirm，priority=92，gate=soft。,full,True,若资产存在且语义通过，则可进入 v1 运行时。,True,group 存在；question 数量足够；key 可解析；文案可上线；必须包含 yes/no/unknown。,role_semantic_validated=true 且 final_review_decision != update_required,base_priority -= 12；若存在 audited 同类 group，partial 排后；若 role=confirm 再叠加 confirm penalty。,True,,,
yellowing_mode,黄叶分流模式,iron_group,differentiate,96,True,2,出现新叶黄、脉间黄化、苍白新叶时优先,soft,True,switch_group_after_2_unknown,0.05,True,audited,https://www.rhs.org.uk/problems/chlorosis | https://extension.umd.edu/resource/yellowing-leaves-indoor-plants,按最终版规范收紧后，推荐 role=differentiate，priority=96，gate=soft。,full,True,若资产存在且语义通过，则可进入 v1 运行时。,True,group 存在；question 数量足够；key 可解析；文案可上线；必须包含 yes/no/unknown。,role_semantic_validated=true 且 final_review_decision != update_required,不适用,True,,,
yellowing_mode,黄叶分流模式,nitrogen_group,differentiate,94,True,2,出现老叶先黄、整片发黄、慢生长时优先,soft,True,switch_group_after_2_unknown,0.05,True,audited,https://www.rhs.org.uk/problems/chlorosis | https://extension.umd.edu/resource/yellowing-leaves-indoor-plants,按最终版规范收紧后，推荐 role=differentiate，priority=94，gate=soft。,full,True,若资产存在且语义通过，则可进入 v1 运行时。,True,group 存在；question 数量足够；key 可解析；文案可上线；必须包含 yes/no/unknown。,role_semantic_validated=true 且 final_review_decision != update_required,不适用,True,,,
yellowing_mode,黄叶分流模式,yellowing_watering_background_group,context,88,True,1,黄叶类进入二轮时默认可用,soft,True,deprioritize_after_2_unknown,0.1,True,audited,https://www.rhs.org.uk/problems/chlorosis | https://extension.umd.edu/resource/yellowing-leaves-indoor-plants,按最终版规范收紧后，推荐 role=context，priority=88，gate=soft。,full,True,若资产存在且语义通过，则可进入 v1 运行时。,True,group 存在；question 数量足够；key 可解析；文案可上线；必须包含 yes/no/unknown。,role_semantic_validated=true 且 final_review_decision != update_required,不适用,True,,,
yellowing_mode,黄叶分流模式,yellowing_light_background_group,context,84,True,1,弱光/摆位变化可疑时,soft,True,deprioritize_after_2_unknown,0.1,True,audited,https://www.rhs.org.uk/problems/chlorosis | https://extension.umd.edu/resource/yellowing-leaves-indoor-plants,按最终版规范收紧后，推荐 role=context，priority=84，gate=soft。,full,True,若资产存在且语义通过，则可进入 v1 运行时。,True,group 存在；question 数量足够；key 可解析；文案可上线；必须包含 yes/no/unknown。,role_semantic_validated=true 且 final_review_decision != update_required,不适用,True,,,
yellowing_mode,黄叶分流模式,yellowing_fertilization_background_group,context,82,True,1,近期施肥/长期不施肥可疑时,soft,True,deprioritize_after_2_unknown,0.1,True,audited,https://www.rhs.org.uk/problems/chlorosis | https://extension.umd.edu/resource/yellowing-leaves-indoor-plants,按最终版规范收紧后，推荐 role=context，priority=82，gate=soft。,full,True,若资产存在且语义通过，则可进入 v1 运行时。,True,group 存在；question 数量足够；key 可解析；文案可上线；必须包含 yes/no/unknown。,role_semantic_validated=true 且 final_review_decision != update_required,不适用,True,,,
yellowing_mode,黄叶分流模式,yellowing_patchy_confirm_group,differentiate,80,True,1,黄叶表现并不均匀、斑驳时,soft,True,switch_group_after_2_unknown,0.05,True,partial,https://www.rhs.org.uk/problems/chlorosis | https://extension.umd.edu/resource/yellowing-leaves-indoor-plants,按最终版规范收紧后，推荐 role=differentiate，priority=80，gate=soft。,full,True,若资产存在且语义通过，则可进入 v1 运行时。,True,group 存在；question 数量足够；key 可解析；文案可上线；必须包含 yes/no/unknown。,role_semantic_validated=true 且 final_review_decision != update_required,base_priority -= 12；若存在 audited 同类 group，partial 排后；若 role=confirm 再叠加 confirm penalty。,True,,,
fungal_leaf_spot_mode,真菌性叶斑模式,leaf_spot_group,confirm,90,False,2,AI 首个高置信斑点类 symptom，且更像真菌叶斑,soft,False,deprioritize_after_1_unknown,0.35,False,partial,https://extension.umd.edu/resource/fungal-leaf-spots-indoor-plants | https://hgic.clemson.edu/factsheet/houseplant-diseases-disorders/,按最终版规范收紧后，推荐 role=confirm，priority=90，gate=soft。,full,True,若资产存在且语义通过，则可进入 v1 运行时。,True,group 存在；question 数量足够；key 可解析；文案可上线；必须包含 yes/no/unknown。,role_semantic_validated=true 且 final_review_decision != update_required,base_priority -= 12；若存在 audited 同类 group，partial 排后；若 role=confirm 再叠加 confirm penalty。,True,,,
fungal_leaf_spot_mode,真菌性叶斑模式,fungal_spot_group,differentiate,98,True,2,斑点伴黄晕/扩展/不规则褐斑时,soft,True,switch_group_after_2_unknown,0.05,False,audited,https://extension.umd.edu/resource/fungal-leaf-spots-indoor-plants | https://hgic.clemson.edu/factsheet/houseplant-diseases-disorders/,按最终版规范收紧后，推荐 role=differentiate，priority=98，gate=soft。,full,True,若资产存在且语义通过，则可进入 v1 运行时。,True,group 存在；question 数量足够；key 可解析；文案可上线；必须包含 yes/no/unknown。,role_semantic_validated=true 且 final_review_decision != update_required,不适用,True,,,
fungal_leaf_spot_mode,真菌性叶斑模式,anthracnose_group,differentiate,88,True,2,斑块较大、扩展明显、接近炭疽表现时,soft,True,switch_group_after_2_unknown,0.05,False,partial,https://extension.umd.edu/resource/fungal-leaf-spots-indoor-plants | https://hgic.clemson.edu/factsheet/houseplant-diseases-disorders/,按最终版规范收紧后，推荐 role=differentiate，priority=88，gate=soft。,full,True,若资产存在且语义通过，则可进入 v1 运行时。,True,group 存在；question 数量足够；key 可解析；文案可上线；必须包含 yes/no/unknown。,role_semantic_validated=true 且 final_review_decision != update_required,base_priority -= 12；若存在 audited 同类 group，partial 排后；若 role=confirm 再叠加 confirm penalty。,True,,,
fungal_leaf_spot_mode,真菌性叶斑模式,leaf_spot_texture_group,exclude,76,True,1,需要排除表层附着物或组织湿烂时,soft,True,switch_group_after_2_unknown,0.08,False,audited,https://extension.umd.edu/resource/fungal-leaf-spots-indoor-plants | https://hgic.clemson.edu/factsheet/houseplant-diseases-disorders/,按最终版规范收紧后，推荐 role=exclude，priority=76，gate=soft。,full,True,资产未通过前禁止进入 v1 运行时；需先完成 group/question/text/option 存在性核查。,True,group 存在；question 数量足够；key 可解析；文案可上线；必须包含 yes/no/unknown。,role_semantic_validated=true 且 final_review_decision != update_required,不适用,False,asset_not_verified,missing_or_unverified,verify_group_asset_existence_and_texts
fungal_leaf_spot_mode,真菌性叶斑模式,leaf_surface_residue_group,exclude,72,True,1,黑色/褐色表面层疑似残留物时,soft,True,switch_group_after_2_unknown,0.08,False,audited,https://extension.umd.edu/resource/fungal-leaf-spots-indoor-plants | https://hgic.clemson.edu/factsheet/houseplant-diseases-disorders/,按最终版规范收紧后，推荐 role=exclude，priority=72，gate=soft。,full,True,资产未通过前禁止进入 v1 运行时；需先完成 group/question/text/option 存在性核查。,True,group 存在；question 数量足够；key 可解析；文案可上线；必须包含 yes/no/unknown。,role_semantic_validated=true 且 final_review_decision != update_required,不适用,False,asset_not_verified,missing_or_unverified,verify_group_asset_existence_and_texts
bacterial_leaf_spot_mode,细菌性叶斑模式,bacterial_spot_group,differentiate,100,True,2,出现角形斑、水渍感、扩展快时,soft,True,switch_group_after_2_unknown,0.05,False,audited,https://extension.umd.edu/resource/bacterial-leaf-spots-indoor-plants | https://content.ces.ncsu.edu/black-rot-of-brassicas,按最终版规范收紧后，推荐 role=differentiate，priority=100，gate=soft。,full,True,若资产存在且语义通过，则可进入 v1 运行时。,True,group 存在；question 数量足够；key 可解析；文案可上线；必须包含 yes/no/unknown。,role_semantic_validated=true 且 final_review_decision != update_required,不适用,True,,,
bacterial_leaf_spot_mode,细菌性叶斑模式,leaf_margin_necrosis_context_group,differentiate,78,True,1,叶缘坏死接近细菌性 V 形病斑时,soft,True,switch_group_after_2_unknown,0.05,True,partial,https://extension.umd.edu/resource/bacterial-leaf-spots-indoor-plants | https://content.ces.ncsu.edu/black-rot-of-brassicas,按最终版规范收紧后，推荐 role=differentiate，priority=78，gate=soft。,full,True,若资产存在且语义通过，则可进入 v1 运行时。,True,group 存在；question 数量足够；key 可解析；文案可上线；必须包含 yes/no/unknown。,role_semantic_validated=true 且 final_review_decision != update_required,base_priority -= 12；若存在 audited 同类 group，partial 排后；若 role=confirm 再叠加 confirm penalty。,True,,,
mite_damage_mode,螨类损伤模式,spider_mites_group,confirm,96,True,2,细网、点刺黄点、发铜失绿时,soft,False,deprioritize_after_1_unknown,0.25,False,partial,https://www.rhs.org.uk/biodiversity/glasshouse-red-spider-mite | https://extension.msstate.edu/publications/insect-pests-houseplants,按最终版规范收紧后，推荐 role=confirm，priority=96，gate=soft。,full,True,若资产存在且语义通过，则可进入 v1 运行时。,True,group 存在；question 数量足够；key 可解析；文案可上线；必须包含 yes/no/unknown。,role_semantic_validated=true 且 final_review_decision != update_required,base_priority -= 12；若存在 audited 同类 group，partial 排后；若 role=confirm 再叠加 confirm penalty。,True,,,
mite_damage_mode,螨类损伤模式,piercing_sucking_group,exclude,72,True,1,只有点刺失绿、无细网时,soft,True,switch_group_after_2_unknown,0.08,False,audited,https://www.rhs.org.uk/biodiversity/glasshouse-red-spider-mite | https://extension.msstate.edu/publications/insect-pests-houseplants,按最终版规范收紧后，推荐 role=exclude，priority=72，gate=soft。,full,True,若资产存在且语义通过，则可进入 v1 运行时。,True,group 存在；question 数量足够；key 可解析；文案可上线；必须包含 yes/no/unknown。,role_semantic_validated=true 且 final_review_decision != update_required,不适用,True,,,
thrips_damage_mode,蓟马损伤模式,thrips_group,differentiate,100,True,2,银斑、擦伤、嫩叶畸形时,soft,True,switch_group_after_2_unknown,0.05,False,audited,https://ipm.ucanr.edu/home-and-landscape/thrips/ | https://extension.umd.edu/resource/thrips-home-gardens,按最终版规范收紧后，推荐 role=differentiate，priority=100，gate=soft。,full,True,若资产存在且语义通过，则可进入 v1 运行时。,True,group 存在；question 数量足够；key 可解析；文案可上线；必须包含 yes/no/unknown。,role_semantic_validated=true 且 final_review_decision != update_required,不适用,True,,,
thrips_damage_mode,蓟马损伤模式,leaf_twist_context_group,differentiate,74,True,1,叶扭曲但虫体不明确时,soft,True,switch_group_after_2_unknown,0.05,True,partial,https://ipm.ucanr.edu/home-and-landscape/thrips/ | https://extension.umd.edu/resource/thrips-home-gardens,按最终版规范收紧后，推荐 role=differentiate，priority=74，gate=soft。,full,True,若资产存在且语义通过，则可进入 v1 运行时。,True,group 存在；question 数量足够；key 可解析；文案可上线；必须包含 yes/no/unknown。,role_semantic_validated=true 且 final_review_decision != update_required,base_priority -= 12；若存在 audited 同类 group，partial 排后；若 role=confirm 再叠加 confirm penalty。,True,,,
thrips_damage_mode,蓟马损伤模式,yellowing_patchy_context_group,differentiate,72,True,1,斑驳黄化但不均匀时,soft,True,switch_group_after_2_unknown,0.05,True,partial,https://ipm.ucanr.edu/home-and-landscape/thrips/ | https://extension.umd.edu/resource/thrips-home-gardens,按最终版规范收紧后，推荐 role=differentiate，priority=72，gate=soft。,full,True,若资产存在且语义通过，则可进入 v1 运行时。,True,group 存在；question 数量足够；key 可解析；文案可上线；必须包含 yes/no/unknown。,role_semantic_validated=true 且 final_review_decision != update_required,base_priority -= 12；若存在 audited 同类 group，partial 排后；若 role=confirm 再叠加 confirm penalty。,True,,,
sap_sucking_honeydew_pest_mode,蜜露型刺吸害虫模式,honeydew_pests_group,confirm,90,False,1,AI 命中黏液/煤污/蜜露相关 symptom,soft,False,deprioritize_after_1_unknown,0.35,False,partial,https://ipm.ucanr.edu/home-and-landscape/aphids/ | https://ipm.ucanr.edu/home-and-landscape/whiteflies/ | https://ipm.ucanr.edu/home-and-landscape/scales/ | https://ipm.ucanr.edu/home-and-landscape/mealybugs/ | https://ipm.ucanr.edu/home-and-landscape/sooty-mold/,按最终版规范收紧后，推荐 role=confirm，priority=90，gate=soft。,full,True,若资产存在且语义通过，则可进入 v1 运行时。,True,group 存在；question 数量足够；key 可解析；文案可上线；必须包含 yes/no/unknown。,role_semantic_validated=true 且 final_review_decision != update_required,base_priority -= 12；若存在 audited 同类 group，partial 排后；若 role=confirm 再叠加 confirm penalty。,True,,,
sap_sucking_honeydew_pest_mode,蜜露型刺吸害虫模式,aphids_group,differentiate,96,True,2,嫩梢群集小虫、卷叶、蜜露时,soft,True,switch_group_after_2_unknown,0.05,False,audited,https://ipm.ucanr.edu/home-and-landscape/aphids/ | https://ipm.ucanr.edu/home-and-landscape/whiteflies/ | https://ipm.ucanr.edu/home-and-landscape/scales/ | https://ipm.ucanr.edu/home-and-landscape/mealybugs/ | https://ipm.ucanr.edu/home-and-landscape/sooty-mold/,按最终版规范收紧后，推荐 role=differentiate，priority=96，gate=soft。,full,True,若资产存在且语义通过，则可进入 v1 运行时。,True,group 存在；question 数量足够；key 可解析；文案可上线；必须包含 yes/no/unknown。,role_semantic_validated=true 且 final_review_decision != update_required,不适用,True,,,
sap_sucking_honeydew_pest_mode,蜜露型刺吸害虫模式,whiteflies_group,differentiate,94,True,2,轻碰飞白虫、叶背若虫、蜜露时,soft,True,switch_group_after_2_unknown,0.05,False,audited,https://ipm.ucanr.edu/home-and-landscape/aphids/ | https://ipm.ucanr.edu/home-and-landscape/whiteflies/ | https://ipm.ucanr.edu/home-and-landscape/scales/ | https://ipm.ucanr.edu/home-and-landscape/mealybugs/ | https://ipm.ucanr.edu/home-and-landscape/sooty-mold/,按最终版规范收紧后，推荐 role=differentiate，priority=94，gate=soft。,full,True,若资产存在且语义通过，则可进入 v1 运行时。,True,group 存在；question 数量足够；key 可解析；文案可上线；必须包含 yes/no/unknown。,role_semantic_validated=true 且 final_review_decision != update_required,不适用,True,,,
sap_sucking_honeydew_pest_mode,蜜露型刺吸害虫模式,scale_group,differentiate,92,True,2,壳状附着虫体、蜜露、煤污时,soft,True,switch_group_after_2_unknown,0.05,False,audited,https://ipm.ucanr.edu/home-and-landscape/aphids/ | https://ipm.ucanr.edu/home-and-landscape/whiteflies/ | https://ipm.ucanr.edu/home-and-landscape/scales/ | https://ipm.ucanr.edu/home-and-landscape/mealybugs/ | https://ipm.ucanr.edu/home-and-landscape/sooty-mold/,按最终版规范收紧后，推荐 role=differentiate，priority=92，gate=soft。,full,True,若资产存在且语义通过，则可进入 v1 运行时。,True,group 存在；question 数量足够；key 可解析；文案可上线；必须包含 yes/no/unknown。,role_semantic_validated=true 且 final_review_decision != update_required,不适用,True,,,
sap_sucking_honeydew_pest_mode,蜜露型刺吸害虫模式,black_mold_growth_confirm_group,context,70,True,1,出现煤污黑层时,soft,True,deprioritize_after_2_unknown,0.1,False,partial,https://ipm.ucanr.edu/home-and-landscape/aphids/ | https://ipm.ucanr.edu/home-and-landscape/whiteflies/ | https://ipm.ucanr.edu/home-and-landscape/scales/ | https://ipm.ucanr.edu/home-and-landscape/mealybugs/ | https://ipm.ucanr.edu/home-and-landscape/sooty-mold/,按最终版规范收紧后，推荐 role=context，priority=70，gate=soft。,full,True,若资产存在且语义通过，则可进入 v1 运行时。,True,group 存在；question 数量足够；key 可解析；文案可上线；必须包含 yes/no/unknown。,role_semantic_validated=true 且 final_review_decision != update_required,base_priority -= 12；若存在 audited 同类 group，partial 排后；若 role=confirm 再叠加 confirm penalty。,True,,,
root_rot_wet_wilt_mode,湿土萎蔫/根腐模式,root_rot_group,differentiate,100,True,2,湿土萎蔫、烂味、黑根、糊根时,soft,True,switch_group_after_2_unknown,0.05,True,audited,https://extension.umd.edu/resource/root-rots-indoor-plants | https://hort.extension.wisc.edu/articles/root-rots-houseplants/,按最终版规范收紧后，推荐 role=differentiate，priority=100，gate=soft。,full,True,若资产存在且语义通过，则可进入 v1 运行时。,True,group 存在；question 数量足够；key 可解析；文案可上线；必须包含 yes/no/unknown。,role_semantic_validated=true 且 final_review_decision != update_required,不适用,True,,,
root_rot_wet_wilt_mode,湿土萎蔫/根腐模式,edema_group,exclude,78,True,1,过湿但更像生理性水肿时,soft,True,switch_group_after_2_unknown,0.08,True,audited,https://extension.umd.edu/resource/root-rots-indoor-plants | https://hort.extension.wisc.edu/articles/root-rots-houseplants/,按最终版规范收紧后，推荐 role=exclude，priority=78，gate=soft。,full,True,若资产存在且语义通过，则可进入 v1 运行时。,True,group 存在；question 数量足够；key 可解析；文案可上线；必须包含 yes/no/unknown。,role_semantic_validated=true 且 final_review_decision != update_required,不适用,True,,,
root_rot_wet_wilt_mode,湿土萎蔫/根腐模式,blackened_stem_base_confirm_group,differentiate,82,True,1,茎基部发黑塌陷时,soft,True,switch_group_after_2_unknown,0.05,True,audited,https://extension.umd.edu/resource/root-rots-indoor-plants | https://hort.extension.wisc.edu/articles/root-rots-houseplants/,按最终版规范收紧后，推荐 role=differentiate，priority=82，gate=soft。,full,True,若资产存在且语义通过，则可进入 v1 运行时。,True,group 存在；question 数量足够；key 可解析；文案可上线；必须包含 yes/no/unknown。,role_semantic_validated=true 且 final_review_decision != update_required,不适用,True,,,
root_rot_wet_wilt_mode,湿土萎蔫/根腐模式,blackened_stem_base_context_group,context,74,True,1,基部变黑同时需补根区背景时,soft,True,deprioritize_after_2_unknown,0.1,True,partial,https://extension.umd.edu/resource/root-rots-indoor-plants | https://hort.extension.wisc.edu/articles/root-rots-houseplants/,按最终版规范收紧后，推荐 role=context，priority=74，gate=soft。,full,True,若资产存在且语义通过，则可进入 v1 运行时。,True,group 存在；question 数量足够；key 可解析；文案可上线；必须包含 yes/no/unknown。,role_semantic_validated=true 且 final_review_decision != update_required,base_priority -= 12；若存在 audited 同类 group，partial 排后；若 role=confirm 再叠加 confirm penalty。,True,,,
soil_moisture_pest_mode,盆土潮湿/土传小飞虫模式,fungus_gnat_group,differentiate,100,True,2,土表小飞虫、表土久湿时,soft,True,switch_group_after_2_unknown,0.05,True,audited,https://extension.umn.edu/product-and-houseplant-pests/fungus-gnats | https://ipm.ucanr.edu/home-and-landscape/houseplant-problems/,按最终版规范收紧后，推荐 role=differentiate，priority=100，gate=soft。,full,True,若资产存在且语义通过，则可进入 v1 运行时。,True,group 存在；question 数量足够；key 可解析；文案可上线；必须包含 yes/no/unknown。,role_semantic_validated=true 且 final_review_decision != update_required,不适用,True,,,
soil_moisture_pest_mode,盆土潮湿/土传小飞虫模式,fungus_gnat_context_group,context,82,True,1,真菌蚊方向已成立后,soft,True,deprioritize_after_2_unknown,0.1,True,audited,https://extension.umn.edu/product-and-houseplant-pests/fungus-gnats | https://ipm.ucanr.edu/home-and-landscape/houseplant-problems/,按最终版规范收紧后，推荐 role=context，priority=82，gate=soft。,full,True,若资产存在且语义通过，则可进入 v1 运行时。,True,group 存在；question 数量足够；key 可解析；文案可上线；必须包含 yes/no/unknown。,role_semantic_validated=true 且 final_review_decision != update_required,不适用,True,,,
soil_moisture_pest_mode,盆土潮湿/土传小飞虫模式,stem_collapse_context_group,context,68,True,1,茎塌陷但更像介质过湿诱发时,soft,True,deprioritize_after_2_unknown,0.1,True,partial,https://extension.umn.edu/product-and-houseplant-pests/fungus-gnats | https://ipm.ucanr.edu/home-and-landscape/houseplant-problems/,按最终版规范收紧后，推荐 role=context，priority=68，gate=soft。,full,True,若资产存在且语义通过，则可进入 v1 运行时。,True,group 存在；question 数量足够；key 可解析；文案可上线；必须包含 yes/no/unknown。,role_semantic_validated=true 且 final_review_decision != update_required,base_priority -= 12；若存在 audited 同类 group，partial 排后；若 role=confirm 再叠加 confirm penalty。,True,,,
soft_rot_mode,软腐塌陷模式,soft_stem_confirm_group,confirm,100,True,1,茎软烂是首症状时,soft,False,deprioritize_after_1_unknown,0.25,False,audited,https://hort.extension.wisc.edu/articles/bacterial-soft-rot/ | https://www.canr.msu.edu/news/bacterial_soft_rot,按最终版规范收紧后，推荐 role=confirm，priority=100，gate=soft。,full,True,若资产存在且语义通过，则可进入 v1 运行时。,True,group 存在；question 数量足够；key 可解析；文案可上线；必须包含 yes/no/unknown。,role_semantic_validated=true 且 final_review_decision != update_required,不适用,True,,,
soft_rot_mode,软腐塌陷模式,water_soaked_stem_confirm_group,differentiate,94,True,1,水浸状茎组织时,soft,True,switch_group_after_2_unknown,0.05,False,partial,https://hort.extension.wisc.edu/articles/bacterial-soft-rot/ | https://www.canr.msu.edu/news/bacterial_soft_rot,按最终版规范收紧后，推荐 role=differentiate，priority=94，gate=soft。,full,True,若资产存在且语义通过，则可进入 v1 运行时。,True,group 存在；question 数量足够；key 可解析；文案可上线；必须包含 yes/no/unknown。,role_semantic_validated=true 且 final_review_decision != update_required,base_priority -= 12；若存在 audited 同类 group，partial 排后；若 role=confirm 再叠加 confirm penalty。,True,,,
soft_rot_mode,软腐塌陷模式,stem_collapse_confirm_group,differentiate,92,True,1,组织塌陷明显时,soft,True,switch_group_after_2_unknown,0.05,False,audited,https://hort.extension.wisc.edu/articles/bacterial-soft-rot/ | https://www.canr.msu.edu/news/bacterial_soft_rot,按最终版规范收紧后，推荐 role=differentiate，priority=92，gate=soft。,full,True,若资产存在且语义通过，则可进入 v1 运行时。,True,group 存在；question 数量足够；key 可解析；文案可上线；必须包含 yes/no/unknown。,role_semantic_validated=true 且 final_review_decision != update_required,不适用,True,,,
soft_rot_mode,软腐塌陷模式,soft_stem_context_group,context,70,True,1,软腐已可疑时,soft,True,deprioritize_after_2_unknown,0.1,True,audited,https://hort.extension.wisc.edu/articles/bacterial-soft-rot/ | https://www.canr.msu.edu/news/bacterial_soft_rot,按最终版规范收紧后，推荐 role=context，priority=70，gate=soft。,full,True,若资产存在且语义通过，则可进入 v1 运行时。,True,group 存在；question 数量足够；key 可解析；文案可上线；必须包含 yes/no/unknown。,role_semantic_validated=true 且 final_review_decision != update_required,不适用,True,,,
chewing_pest_mode,咀嚼取食模式,holes_in_leaf_confirm_group,confirm,96,True,1,叶片穿孔最显著时,soft,False,deprioritize_after_1_unknown,0.25,False,partial,https://ipm.ucanr.edu/agriculture/floriculture-and-ornamental-nurseries/pest-insects-mites-slugs-and-snails-arthropods-and-the-probable-causes/ | https://ipm.ucanr.edu/home-and-landscape/snails-and-slugs/,按最终版规范收紧后，推荐 role=confirm，priority=96，gate=soft。,full,True,若资产存在且语义通过，则可进入 v1 运行时。,True,group 存在；question 数量足够；key 可解析；文案可上线；必须包含 yes/no/unknown。,role_semantic_validated=true 且 final_review_decision != update_required,base_priority -= 12；若存在 audited 同类 group，partial 排后；若 role=confirm 再叠加 confirm penalty。,True,,,
chewing_pest_mode,咀嚼取食模式,chewed_edges_confirm_group,differentiate,88,True,1,叶缘缺刻最显著时,soft,True,switch_group_after_2_unknown,0.05,False,partial,https://ipm.ucanr.edu/agriculture/floriculture-and-ornamental-nurseries/pest-insects-mites-slugs-and-snails-arthropods-and-the-probable-causes/ | https://ipm.ucanr.edu/home-and-landscape/snails-and-slugs/,按最终版规范收紧后，推荐 role=differentiate，priority=88，gate=soft。,full,True,若资产存在且语义通过，则可进入 v1 运行时。,True,group 存在；question 数量足够；key 可解析；文案可上线；必须包含 yes/no/unknown。,role_semantic_validated=true 且 final_review_decision != update_required,base_priority -= 12；若存在 audited 同类 group，partial 排后；若 role=confirm 再叠加 confirm penalty。,True,,,
chewing_pest_mode,咀嚼取食模式,skeletonized_leaves_confirm_group,differentiate,92,True,1,叶肉被吃剩叶脉时,soft,True,switch_group_after_2_unknown,0.05,False,audited,https://ipm.ucanr.edu/agriculture/floriculture-and-ornamental-nurseries/pest-insects-mites-slugs-and-snails-arthropods-and-the-probable-causes/ | https://ipm.ucanr.edu/home-and-landscape/snails-and-slugs/,按最终版规范收紧后，推荐 role=differentiate，priority=92，gate=soft。,full,True,若资产存在且语义通过，则可进入 v1 运行时。,True,group 存在；question 数量足够；key 可解析；文案可上线；必须包含 yes/no/unknown。,role_semantic_validated=true 且 final_review_decision != update_required,不适用,True,,,
leafminer_mode,潜叶虫模式,tunnels_in_leaf_confirm_group,confirm,100,True,1,叶内潜道明显时,soft,False,deprioritize_after_1_unknown,0.25,False,audited,https://ipm.ucanr.edu/agriculture/lettuce/leafminers/ | https://ipm.ucanr.edu/PMG/GARDEN/VEGES/PESTS/vegleafminers.html,按最终版规范收紧后，推荐 role=confirm，priority=100，gate=soft。,full,True,若资产存在且语义通过，则可进入 v1 运行时。,True,group 存在；question 数量足够；key 可解析；文案可上线；必须包含 yes/no/unknown。,role_semantic_validated=true 且 final_review_decision != update_required,不适用,True,,,
powdery_mildew_mode,白粉层模式,powdery_group,confirm,100,True,2,白粉覆盖明显时,soft,False,deprioritize_after_1_unknown,0.25,False,audited,https://www.rhs.org.uk/disease/powdery-mildews,按最终版规范收紧后，推荐 role=confirm，priority=100，gate=soft。,full,True,若资产存在且语义通过，则可进入 v1 运行时。,True,group 存在；question 数量足够；key 可解析；文案可上线；必须包含 yes/no/unknown。,role_semantic_validated=true 且 final_review_decision != update_required,不适用,True,,,
gray_mold_mode,灰霉层模式,gray_mold_group,confirm,100,True,2,灰色绒毛霉层明显时,strong_soft,False,deprioritize_after_1_unknown,0.25,False,audited,https://extension.umd.edu/resource/gray-mold-or-botrytis-blight-indoor-plants | https://extension.psu.edu/botrytis-or-gray-mold/,按最终版规范收紧后，推荐 role=confirm，priority=100，gate=strong_soft。,full,True,若资产存在且语义通过，则可进入 v1 运行时。,True,group 存在；question 数量足够；key 可解析；文案可上线；必须包含 yes/no/unknown。,role_semantic_validated=true 且 final_review_decision != update_required,不适用,True,,,
rust_mode,锈病模式,rust_group,confirm,100,True,2,锈色孢子堆明显时,strong_soft,False,deprioritize_after_1_unknown,0.25,False,audited,https://www.rhs.org.uk/disease/rust-diseases,按最终版规范收紧后，推荐 role=confirm，priority=100，gate=strong_soft。,full,True,若资产存在且语义通过，则可进入 v1 运行时。,True,group 存在；question 数量足够；key 可解析；文案可上线；必须包含 yes/no/unknown。,role_semantic_validated=true 且 final_review_decision != update_required,不适用,True,,,
light_stress_mode,光照模式,leaf_bleaching_confirm_group,confirm,100,True,1,晒白/漂白斑明显时,soft,False,deprioritize_after_1_unknown,0.25,False,audited,https://www.rhs.org.uk/prevention-protection/leaf-damage-on-houseplants | https://www.rhs.org.uk/plants/types/houseplants/how-to-help-a-poorly-houseplant,按最终版规范收紧后，推荐 role=confirm，priority=100，gate=soft。,full,True,若资产存在且语义通过，则可进入 v1 运行时。,True,group 存在；question 数量足够；key 可解析；文案可上线；必须包含 yes/no/unknown。,role_semantic_validated=true 且 final_review_decision != update_required,不适用,True,,,
light_stress_mode,光照模式,leaf_bleaching_context_group,context,78,True,1,已进入光伤模式后,soft,True,deprioritize_after_2_unknown,0.1,True,audited,https://www.rhs.org.uk/prevention-protection/leaf-damage-on-houseplants | https://www.rhs.org.uk/plants/types/houseplants/how-to-help-a-poorly-houseplant,按最终版规范收紧后，推荐 role=context，priority=78，gate=soft。,full,True,若资产存在且语义通过，则可进入 v1 运行时。,True,group 存在；question 数量足够；key 可解析；文案可上线；必须包含 yes/no/unknown。,role_semantic_validated=true 且 final_review_decision != update_required,不适用,True,,,
water_stress_mode,缺水/失水模式,care_water_group,context,96,True,1,缺水/晒伤/边缘焦枯需补养护背景时,soft,True,deprioritize_after_2_unknown,0.1,True,partial,https://www.rhs.org.uk/prevention-protection/leaf-damage-on-houseplants | https://www.rhs.org.uk/Advice/Profile?PID=235&cID=1378,按最终版规范收紧后，推荐 role=context，priority=96，gate=soft。,full,True,若资产存在且语义通过，则可进入 v1 运行时。,True,group 存在；question 数量足够；key 可解析；文案可上线；必须包含 yes/no/unknown。,role_semantic_validated=true 且 final_review_decision != update_required,base_priority -= 12；若存在 audited 同类 group，partial 排后；若 role=confirm 再叠加 confirm penalty。,True,,,
water_stress_mode,缺水/失水模式,leaf_margin_burn_context_group,differentiate,78,True,1,焦边与干尖更明显时,soft,True,switch_group_after_2_unknown,0.05,True,partial,https://www.rhs.org.uk/prevention-protection/leaf-damage-on-houseplants | https://www.rhs.org.uk/Advice/Profile?PID=235&cID=1378,按最终版规范收紧后，推荐 role=differentiate，priority=78，gate=soft。,full,True,若资产存在且语义通过，则可进入 v1 运行时。,True,group 存在；question 数量足够；key 可解析；文案可上线；必须包含 yes/no/unknown。,role_semantic_validated=true 且 final_review_decision != update_required,base_priority -= 12；若存在 audited 同类 group，partial 排后；若 role=confirm 再叠加 confirm penalty。,True,,,
water_stress_mode,缺水/失水模式,uniform_browning_context_group,context,72,True,1,整片变褐接近失水时,soft,True,deprioritize_after_2_unknown,0.1,True,partial,https://www.rhs.org.uk/prevention-protection/leaf-damage-on-houseplants | https://www.rhs.org.uk/Advice/Profile?PID=235&cID=1378,按最终版规范收紧后，推荐 role=context，priority=72，gate=soft。,full,True,若资产存在且语义通过，则可进入 v1 运行时。,True,group 存在；question 数量足够；key 可解析；文案可上线；必须包含 yes/no/unknown。,role_semantic_validated=true 且 final_review_decision != update_required,base_priority -= 12；若存在 audited 同类 group，partial 排后；若 role=confirm 再叠加 confirm penalty。,True,,,
water_stress_mode,缺水/失水模式,wind_damage_context_group,exclude,68,True,1,风伤样干焦时,soft,True,switch_group_after_2_unknown,0.08,True,audited,https://www.rhs.org.uk/prevention-protection/leaf-damage-on-houseplants | https://www.rhs.org.uk/Advice/Profile?PID=235&cID=1378,按最终版规范收紧后，推荐 role=exclude，priority=68，gate=soft。,full,True,若资产存在且语义通过，则可进入 v1 运行时。,True,group 存在；question 数量足够；key 可解析；文案可上线；必须包含 yes/no/unknown。,role_semantic_validated=true 且 final_review_decision != update_required,不适用,True,,,
leaf_edge_necrosis_mode,边缘坏死复核模式,leaf_margin_necrosis_confirm_group,confirm,92,True,1,边缘坏死表现非常集中时,soft,False,deprioritize_after_1_unknown,0.25,False,partial,https://www.rhs.org.uk/prevention-protection/leaf-damage-on-houseplants | https://www.rhs.org.uk/prevention-protection/nutrient-deficiencies,按最终版规范收紧后，推荐 role=confirm，priority=92，gate=soft。,explanation_only,False,class 级禁止进入主 follow-up 链路。,True,group 存在；question 数量足够；key 可解析；文案可上线；必须包含 yes/no/unknown。,role_semantic_validated=true 且 final_review_decision != update_required,base_priority -= 12；若存在 audited 同类 group，partial 排后；若 role=confirm 再叠加 confirm penalty。,False,,,
salt_dry_edge_mode,盐害/干尖边缘焦枯模式,leaf_margin_burn_confirm_group,confirm,96,True,1,边缘灼伤、焦边明显时,soft,False,deprioritize_after_1_unknown,0.25,True,partial,https://www.rhs.org.uk/prevention-protection/nutrient-deficiencies | https://www.rhs.org.uk/prevention-protection/leaf-damage-on-houseplants,按最终版规范收紧后，推荐 role=confirm，priority=96，gate=soft。,full,True,若资产存在且语义通过，则可进入 v1 运行时。,True,group 存在；question 数量足够；key 可解析；文案可上线；必须包含 yes/no/unknown。,role_semantic_validated=true 且 final_review_decision != update_required,base_priority -= 12；若存在 audited 同类 group，partial 排后；若 role=confirm 再叠加 confirm penalty。,True,,,
virus_mosaic_mode,病毒花叶模式,leaf_mosaic_mottling_confirm_group,confirm,100,True,1,花叶斑驳明显时,strong_soft,False,deprioritize_after_1_unknown,0.25,False,audited,https://www.rhs.org.uk/disease/plant-viruses | https://www.rhs.org.uk/disease/tomato-viruses,按最终版规范收紧后，推荐 role=confirm，priority=100，gate=strong_soft。,full,True,若资产存在且语义通过，则可进入 v1 运行时。,True,group 存在；question 数量足够；key 可解析；文案可上线；必须包含 yes/no/unknown。,role_semantic_validated=true 且 final_review_decision != update_required,不适用,True,,,
virus_mosaic_mode,病毒花叶模式,leaf_twist_confirm_group,context,74,True,1,扭曲变形明显时,strong_soft,True,deprioritize_after_2_unknown,0.1,False,partial,https://www.rhs.org.uk/disease/plant-viruses | https://www.rhs.org.uk/disease/tomato-viruses,按最终版规范收紧后，推荐 role=context，priority=74，gate=strong_soft。,full,True,若资产存在且语义通过，则可进入 v1 运行时。,True,group 存在；question 数量足够；key 可解析；文案可上线；必须包含 yes/no/unknown。,role_semantic_validated=true 且 final_review_decision != update_required,base_priority -= 12；若存在 audited 同类 group，partial 排后；若 role=confirm 再叠加 confirm penalty。,True,,,
mechanical_damage_mode,机械损伤模式,wind_damage_confirm_group,confirm,100,True,1,风折/擦伤/撕裂明显时,soft,False,deprioritize_after_1_unknown,0.25,False,audited,https://www.rhs.org.uk/prevention-protection/leaf-damage-on-houseplants,按最终版规范收紧后，推荐 role=confirm，priority=100，gate=soft。,limited,True,仅在 limited class 准入条件满足时可进入运行时。,True,group 存在；question 数量足够；key 可解析；文案可上线；必须包含 yes/no/unknown。,role_semantic_validated=true 且 final_review_decision != update_required,不适用,True,,,
general_stress_mode,综合胁迫模式,leaf_curl_group,confirm,60,True,1,只有卷叶而证据不足时,soft,False,deprioritize_after_1_unknown,0.25,False,partial,https://extension.umd.edu/resource/yellowing-leaves-indoor-plants | https://www.rhs.org.uk/plants/types/houseplants/how-to-help-a-poorly-houseplant,按最终版规范收紧后，推荐 role=confirm，priority=60，gate=soft。,explanation_only,False,class 级禁止进入主 follow-up 链路。,True,group 存在；question 数量足够；key 可解析；文案可上线；必须包含 yes/no/unknown。,role_semantic_validated=true 且 final_review_decision != update_required,base_priority -= 12；若存在 audited 同类 group，partial 排后；若 role=confirm 再叠加 confirm penalty。,False,,,
general_stress_mode,综合胁迫模式,uniform_browning_confirm_group,confirm,62,True,1,均匀褐变但暂难锁定时,soft,False,deprioritize_after_1_unknown,0.25,False,partial,https://extension.umd.edu/resource/yellowing-leaves-indoor-plants | https://www.rhs.org.uk/plants/types/houseplants/how-to-help-a-poorly-houseplant,按最终版规范收紧后，推荐 role=confirm，priority=62，gate=soft。,explanation_only,False,class 级禁止进入主 follow-up 链路。,True,group 存在；question 数量足够；key 可解析；文案可上线；必须包含 yes/no/unknown。,role_semantic_validated=true 且 final_review_decision != update_required,base_priority -= 12；若存在 audited 同类 group，partial 排后；若 role=confirm 再叠加 confirm penalty。,False,,,
general_stress_mode,综合胁迫模式,stable_natural_marking_group,exclude,88,True,1,怀疑天然斑纹/稳定花纹时,soft,True,switch_group_after_2_unknown,0.08,False,audited,https://extension.umd.edu/resource/yellowing-leaves-indoor-plants | https://www.rhs.org.uk/plants/types/houseplants/how-to-help-a-poorly-houseplant,按最终版规范收紧后，推荐 role=exclude，priority=88，gate=soft。,explanation_only,False,class 级禁止进入主 follow-up 链路。,True,group 存在；question 数量足够；key 可解析；文案可上线；必须包含 yes/no/unknown。,role_semantic_validated=true 且 final_review_decision != update_required,不适用,False,,,
general_stress_mode,综合胁迫模式,stable_marking_pattern_confirm_group,exclude,86,True,1,图案长期稳定不扩展时,soft,True,switch_group_after_2_unknown,0.08,False,audited,https://extension.umd.edu/resource/yellowing-leaves-indoor-plants | https://www.rhs.org.uk/plants/types/houseplants/how-to-help-a-poorly-houseplant,按最终版规范收紧后，推荐 role=exclude，priority=86，gate=soft。,explanation_only,False,class 级禁止进入主 follow-up 链路。,True,group 存在；question 数量足够；key 可解析；文案可上线；必须包含 yes/no/unknown。,role_semantic_validated=true 且 final_review_decision != update_required,不适用,False,,,
general_stress_mode,综合胁迫模式,stable_marking_no_recent_expansion_group,exclude,84,True,1,无近期扩张时,soft,True,switch_group_after_2_unknown,0.08,False,audited,https://extension.umd.edu/resource/yellowing-leaves-indoor-plants | https://www.rhs.org.uk/plants/types/houseplants/how-to-help-a-poorly-houseplant,按最终版规范收紧后，推荐 role=exclude，priority=84，gate=soft。,explanation_only,False,class 级禁止进入主 follow-up 链路。,True,group 存在；question 数量足够；key 可解析；文案可上线；必须包含 yes/no/unknown。,role_semantic_validated=true 且 final_review_decision != update_required,不适用,False,,,
general_stress_mode,综合胁迫模式,stable_marking_new_growth_group,exclude,82,True,1,新叶也稳定同样花纹时,soft,True,switch_group_after_2_unknown,0.08,False,audited,https://extension.umd.edu/resource/yellowing-leaves-indoor-plants | https://www.rhs.org.uk/plants/types/houseplants/how-to-help-a-poorly-houseplant,按最终版规范收紧后，推荐 role=exclude，priority=82，gate=soft。,explanation_only,False,class 级禁止进入主 follow-up 链路。,True,group 存在；question 数量足够；key 可解析；文案可上线；必须包含 yes/no/unknown。,role_semantic_validated=true 且 final_review_decision != update_required,不适用,False,,,
edema_overwater_mode,水肿/过湿模式,,not_applicable_v1,0,False,0,v1_explanation_or_fallback_only,soft,False,not_applicable,0.0,False,audited,https://www.rhs.org.uk/problems/oedema | https://www.rhs.org.uk/advice/understanding-plants/how-plants-lose-water,该症状模式在 v1 中不独立驱动 follow-up；保留为解释、排异或后续版本扩展。,limited,True,仅在 limited class 准入条件满足时可进入运行时。,True,group 存在；question 数量足够；key 可解析；文案可上线；必须包含 yes/no/unknown。,role_semantic_validated=true 且 final_review_decision != update_required,不适用,False,,,
flower_stress_mode,花器胁迫模式,,not_applicable_v1,0,False,0,v1_explanation_or_fallback_only,soft,False,not_applicable,0.0,False,partial,https://www.rhs.org.uk/plants/types/houseplants/how-to-help-a-poorly-houseplant,该症状模式在 v1 中不独立驱动 follow-up；保留为解释、排异或后续版本扩展。,explanation_only,False,class 级禁止进入主 follow-up 链路。,True,group 存在；question 数量足够；key 可解析；文案可上线；必须包含 yes/no/unknown。,role_semantic_validated=true 且 final_review_decision != update_required,base_priority -= 12；若存在 audited 同类 group，partial 排后；若 role=confirm 再叠加 confirm penalty。,False,,,
general_stress_mode,泛胁迫兜底模式,,not_applicable_v1,0,False,0,v1_explanation_or_fallback_only,soft,False,not_applicable,0.0,False,partial,https://extension.umd.edu/resource/yellowing-leaves-indoor-plants | https://www.rhs.org.uk/plants/types/houseplants/how-to-help-a-poorly-houseplant,该症状模式在 v1 中不独立驱动 follow-up；保留为解释、排异或后续版本扩展。,explanation_only,False,class 级禁止进入主 follow-up 链路。,True,group 存在；question 数量足够；key 可解析；文案可上线；必须包含 yes/no/unknown。,role_semantic_validated=true 且 final_review_decision != update_required,base_priority -= 12；若存在 audited 同类 group，partial 排后；若 role=confirm 再叠加 confirm penalty。,False,,,
humidity_stress_mode,湿度胁迫模式,,not_applicable_v1,0,False,0,v1_explanation_or_fallback_only,soft,False,not_applicable,0.0,False,audited,https://www.rhs.org.uk/plants/types/houseplants/how-to-help-a-poorly-houseplant | https://www.rhs.org.uk/prevention-protection/leaf-damage-on-houseplants,该症状模式在 v1 中不独立驱动 follow-up；保留为解释、排异或后续版本扩展。,explanation_only,False,class 级禁止进入主 follow-up 链路。,True,group 存在；question 数量足够；key 可解析；文案可上线；必须包含 yes/no/unknown。,role_semantic_validated=true 且 final_review_decision != update_required,不适用,False,,,
leaf_edge_necrosis_mode,叶缘坏死模式,,not_applicable_v1,0,False,0,v1_explanation_or_fallback_only,soft,False,not_applicable,0.0,False,partial,https://www.rhs.org.uk/prevention-protection/leaf-damage-on-houseplants | https://www.rhs.org.uk/prevention-protection/nutrient-deficiencies,该症状模式在 v1 中不独立驱动 follow-up；保留为解释、排异或后续版本扩展。,explanation_only,False,class 级禁止进入主 follow-up 链路。,True,group 存在；question 数量足够；key 可解析；文案可上线；必须包含 yes/no/unknown。,role_semantic_validated=true 且 final_review_decision != update_required,base_priority -= 12；若存在 audited 同类 group，partial 排后；若 role=confirm 再叠加 confirm penalty。,False,,,
leaf_spot_complex_mode,复合叶斑模式,,not_applicable_v1,0,False,0,v1_explanation_or_fallback_only,soft,False,not_applicable,0.0,False,partial,https://extension.umd.edu/resource/fungal-leaf-spots-indoor-plants | https://extension.umd.edu/resource/bacterial-leaf-spots-indoor-plants,该症状模式在 v1 中不独立驱动 follow-up；保留为解释、排异或后续版本扩展。,explanation_only,False,class 级禁止进入主 follow-up 链路。,True,group 存在；question 数量足够；key 可解析；文案可上线；必须包含 yes/no/unknown。,role_semantic_validated=true 且 final_review_decision != update_required,base_priority -= 12；若存在 audited 同类 group，partial 排后；若 role=confirm 再叠加 confirm penalty。,False,,,
natural_aging_mode,自然老化模式,,not_applicable_v1,0,False,0,v1_explanation_or_fallback_only,soft,False,not_applicable,0.0,False,audited,https://www.rhs.org.uk/prevention-protection/leaf-damage-on-houseplants,该症状模式在 v1 中不独立驱动 follow-up；保留为解释、排异或后续版本扩展。,explanation_only,False,class 级禁止进入主 follow-up 链路。,True,group 存在；question 数量足够；key 可解析；文案可上线；必须包含 yes/no/unknown。,role_semantic_validated=true 且 final_review_decision != update_required,不适用,False,,,
nutrient_stress_mode,营养胁迫模式,,not_applicable_v1,0,False,0,v1_explanation_or_fallback_only,soft,False,not_applicable,0.0,False,audited,https://www.rhs.org.uk/prevention-protection/nutrient-deficiencies | https://www.rhs.org.uk/problems/chlorosis,该症状模式在 v1 中不独立驱动 follow-up；保留为解释、排异或后续版本扩展。,limited,True,仅在 limited class 准入条件满足时可进入运行时。,True,group 存在；question 数量足够；key 可解析；文案可上线；必须包含 yes/no/unknown。,role_semantic_validated=true 且 final_review_decision != update_required,不适用,False,,,
temperature_stress_mode,温度胁迫模式,,not_applicable_v1,0,False,0,v1_explanation_or_fallback_only,soft,False,not_applicable,0.0,False,audited,https://www.rhs.org.uk/plants/types/houseplants/how-to-help-a-poorly-houseplant,该症状模式在 v1 中不独立驱动 follow-up；保留为解释、排异或后续版本扩展。,explanation_only,False,class 级禁止进入主 follow-up 链路。,True,group 存在；question 数量足够；key 可解析；文案可上线；必须包含 yes/no/unknown。,role_semantic_validated=true 且 final_review_decision != update_required,不适用,False,,,
