Abelmoschus,Malvaceae,Vegetable,"{""way"": ""见干浇透"", ""freq"": [4, 6], ""unit"": ""天"", ""verb"": ""浇""}","{""freq"": [10, 15], ""type"": ""稀释"", ""unit"": ""天"", ""other"": """"}","{""way"": ""全日光"", ""freq"": [6, 8], ""unit"": ""小时/天"", ""other"": ""可补光""}","{""level"": ""medium"", ""sensitivity"": ""low""}",18,28,50,70,low,audited,Representative crop/species pages (RHS Grow Your Own / Extension crop guidance): Abelmoschus esculentus,基线基于该属在 plants 表中的代表物种直达页面/权威园艺页面抽象；适用于 genus baseline，具体品种差异由 care_overrides 处理。,L1_representative_species_direct,representative_species_direct,,2026-03-21 23:59:15,2026-03-21 23:59:15
Acorus,Acoraceae,Aquatic,"{""way"": ""保持水位"", ""freq"": [3, 5], ""unit"": ""天"", ""verb"": ""换水""}","{""freq"": [7, 10], ""type"": ""稀释"", ""unit"": ""天"", ""other"": """"}","{""way"": ""全日光"", ""freq"": [6, 8], ""unit"": ""小时/天"", ""other"": """"}","{""level"": ""medium"", ""sensitivity"": ""low""}",18,30,60,90,low,audited,RHS pond/marginal plant guidance + aquatic plant extension references,当前仍以类群/作物组或近缘代表资料归纳，待进一步推向 L1。,L2_derived_from_authoritative_sources,group_or_crop_derived,,2026-03-21 23:59:15,2026-03-21 23:59:15
Adiantum,Pteridaceae,Foliage,"{""way"": ""见干浇透"", ""freq"": [7, 10], ""unit"": ""天"", ""verb"": ""浇""}","{""freq"": [10, 15], ""type"": ""稀释"", ""unit"": ""天"", ""other"": """"}","{""way"": ""散射光"", ""freq"": [4, 6], ""unit"": ""小时/天"", ""other"": ""避免直晒""}","{""level"": ""medium"", ""sensitivity"": ""low""}",18,28,60,80,low,audited,Representative species direct pages (NC State Plant Toolbox / RHS indoor plant guidance): Adiantum raddianum,基线基于该属在 plants 表中的代表物种直达页面/权威园艺页面抽象；适用于 genus baseline，具体品种差异由 care_overrides 处理。,L1_representative_species_direct,representative_species_direct,,2026-03-21 23:59:15,2026-03-21 23:59:15
Aglaonema,Araceae,Foliage,"{""way"": ""微干再浇"", ""freq"": [5, 9], ""unit"": ""天"", ""verb"": ""浇""}","{""freq"": [30, 45], ""type"": ""稀释"", ""unit"": ""天"", ""other"": ""生长期为主""}","{""way"": ""明亮散射光"", ""freq"": [3, 6], ""unit"": ""小时/天"", ""other"": ""避免直晒""}","{""level"": ""medium"", ""sensitivity"": ""low""}",18,30,50,80,medium,audited,Representative species direct pages (NC State Plant Toolbox / RHS indoor plant guidance): Aglaonema modestum; Aglaonema commutatum,基线基于该属在 plants 表中的代表物种直达页面/权威园艺页面抽象；适用于 genus baseline，具体品种差异由 care_overrides 处理。,L1_representative_species_direct,representative_species_direct,,2026-03-21 23:59:15,2026-03-21 23:59:15
Allium,Amaryllidaceae,Vegetable,"{""way"": ""见干浇透"", ""freq"": [4, 6], ""unit"": ""天"", ""verb"": ""浇""}","{""freq"": [7, 10], ""type"": ""稀释"", ""unit"": ""天"", ""other"": """"}","{""way"": ""散射光"", ""freq"": [4, 6], ""unit"": ""小时/天"", ""other"": ""可补光""}","{""level"": ""medium"", ""sensitivity"": ""low""}",15,25,60,80,low,audited,Representative crop/species pages (RHS Grow Your Own / Extension crop guidance): Allium tuberosum; Allium fistulosum,基线基于该属在 plants 表中的代表物种直达页面/权威园艺页面抽象；适用于 genus baseline，具体品种差异由 care_overrides 处理。,L1_representative_species_direct,representative_species_direct,,2026-03-21 23:59:15,2026-03-21 23:59:15
Alocasia,Araceae,Foliage,"{""way"": ""保持微湿"", ""freq"": [4, 7]}","{""freq"": [10, 15], ""type"": ""稀释"", ""unit"": ""天"", ""other"": """"}","{""way"": ""明亮散射光""}","{""level"": ""medium""}",18,30,60,90,high,audited,Representative species direct pages (NC State Plant Toolbox / RHS indoor plant guidance): Alocasia macrorrhizos; Alocasia odora,基线基于该属在 plants 表中的代表物种直达页面/权威园艺页面抽象；适用于 genus baseline，具体品种差异由 care_overrides 处理。,L1_representative_species_direct,representative_species_direct,,2026-03-21 23:59:15,2026-03-21 23:59:15
Aloe,Asphodelaceae,Succulent,"{""way"": ""完全干透再浇"", ""freq"": [12, 21], ""unit"": ""天"", ""verb"": ""浇""}","{""freq"": [45, 60], ""type"": ""稀释"", ""unit"": ""天"", ""other"": ""少量，生长期为主""}","{""way"": ""强光"", ""freq"": [5, 8], ""unit"": ""小时/天"", ""other"": ""逐步适应直射光""}","{""level"": ""high"", ""sensitivity"": ""medium""}",10,35,20,50,low,audited,Representative species direct pages (NC State Plant Toolbox / xeric succulent references): Aloe vera,基线基于该属在 plants 表中的代表物种直达页面/权威园艺页面抽象；适用于 genus baseline，具体品种差异由 care_overrides 处理。,L1_representative_species_direct,representative_species_direct,,2026-03-21 23:59:15,2026-03-21 23:59:15
Anethum,Apiaceae,Herb,"{""way"": ""见干浇透"", ""freq"": [4, 6], ""unit"": ""天"", ""verb"": ""浇""}","{""freq"": [10, 15], ""type"": ""稀释"", ""unit"": ""天"", ""other"": """"}","{""way"": ""全日光"", ""freq"": [6, 8], ""unit"": ""小时/天"", ""other"": ""避免直晒""}","{""level"": ""medium"", ""sensitivity"": ""low""}",18,28,50,70,low,audited,Representative herb/species pages (RHS herb guidance / Extension): Anethum graveolens,基线基于该属在 plants 表中的代表物种直达页面/权威园艺页面抽象；适用于 genus baseline，具体品种差异由 care_overrides 处理。,L1_representative_species_direct,representative_species_direct,,2026-03-21 23:59:15,2026-03-21 23:59:15
Anthurium,Araceae,Flowering,"{""way"": ""微干再浇"", ""freq"": [5, 9], ""unit"": ""天"", ""verb"": ""浇""}","{""freq"": [30, 45], ""type"": ""稀释"", ""unit"": ""天"", ""other"": ""生长期月施""}","{""way"": ""明亮散射光"", ""freq"": [4, 8], ""unit"": ""小时/天"", ""other"": ""光线太弱影响开花，直晒灼叶""}","{""level"": ""medium"", ""sensitivity"": ""medium""}",18,30,60,90,medium,audited,Representative species direct pages (NC State Plant Toolbox / RHS ornamental guidance): Anthurium andraeanum; Anthurium spp.,基线基于该属在 plants 表中的代表物种直达页面/权威园艺页面抽象；适用于 genus baseline，具体品种差异由 care_overrides 处理。,L1_representative_species_direct,representative_species_direct,,2026-03-21 23:59:15,2026-03-21 23:59:15
Antirrhinum,Plantaginaceae,Flowering,"{""way"": ""见干浇透"", ""freq"": [4, 6], ""unit"": ""天"", ""verb"": ""浇""}","{""freq"": [7, 10], ""type"": ""稀释"", ""unit"": ""天"", ""other"": """"}","{""way"": ""全日光"", ""freq"": [6, 8], ""unit"": ""小时/天"", ""other"": """"}","{""level"": ""medium"", ""sensitivity"": ""low""}",15,30,50,70,low,audited,Representative species direct pages (NC State Plant Toolbox / RHS ornamental guidance): Antirrhinum majus,基线基于该属在 plants 表中的代表物种直达页面/权威园艺页面抽象；适用于 genus baseline，具体品种差异由 care_overrides 处理。,L1_representative_species_direct,representative_species_direct,,2026-03-21 23:59:15,2026-03-21 23:59:15
Argyranthemum,Asteraceae,Flowering,"{""way"": ""见干浇透"", ""freq"": [4, 6], ""unit"": ""天"", ""verb"": ""浇""}","{""freq"": [7, 10], ""type"": ""稀释"", ""unit"": ""天"", ""other"": """"}","{""way"": ""全日光"", ""freq"": [6, 8], ""unit"": ""小时/天"", ""other"": """"}","{""level"": ""medium"", ""sensitivity"": ""low""}",15,30,50,70,low,audited,Representative species direct pages (NC State Plant Toolbox / RHS ornamental guidance): Argyranthemum frutescens,基线基于该属在 plants 表中的代表物种直达页面/权威园艺页面抽象；适用于 genus baseline，具体品种差异由 care_overrides 处理。,L1_representative_species_direct,representative_species_direct,,2026-03-21 23:59:15,2026-03-21 23:59:15
Asparagus,Asparagaceae,Foliage,"{""way"": ""宁干勿湿"", ""freq"": [10, 14], ""unit"": ""天"", ""verb"": ""浇""}","{""freq"": [20, 30], ""type"": ""稀释"", ""unit"": ""天"", ""other"": """"}","{""way"": ""散射光"", ""freq"": [4, 6], ""unit"": ""小时/天"", ""other"": ""可耐阴""}","{""level"": ""medium"", ""sensitivity"": ""low""}",15,32,40,60,low,audited,Representative species direct pages (NC State Plant Toolbox / RHS indoor plant guidance): Asparagus setaceus; Asparagus densiflorus,基线基于该属在 plants 表中的代表物种直达页面/权威园艺页面抽象；适用于 genus baseline，具体品种差异由 care_overrides 处理。,L1_representative_species_direct,representative_species_direct,,2026-03-21 23:59:15,2026-03-21 23:59:15
Asplenium,Aspleniaceae,Foliage,"{""way"": ""保持微湿"", ""freq"": [4, 7], ""unit"": ""天"", ""verb"": ""浇""}","{""freq"": [30, 45], ""type"": ""稀释"", ""unit"": ""天"", ""other"": ""薄肥""}","{""way"": ""明亮散射光/明亮遮阴"", ""freq"": [3, 6], ""unit"": ""小时/天"", ""other"": ""过强光易黄叶""}","{""level"": ""medium"", ""sensitivity"": ""medium""}",15,28,60,85,low,audited,Representative species direct pages (NC State Plant Toolbox / RHS indoor plant guidance): Asplenium nidus,基线基于该属在 plants 表中的代表物种直达页面/权威园艺页面抽象；适用于 genus baseline，具体品种差异由 care_overrides 处理。,L1_representative_species_direct,representative_species_direct,,2026-03-21 23:59:15,2026-03-21 23:59:15
Beaucarnea,Asparagaceae,Foliage,"{""way"": ""宁干勿湿"", ""freq"": [10, 14], ""unit"": ""天"", ""verb"": ""浇""}","{""freq"": [20, 30], ""type"": ""稀释"", ""unit"": ""天"", ""other"": """"}","{""way"": ""散射光"", ""freq"": [4, 6], ""unit"": ""小时/天"", ""other"": ""可耐阴""}","{""level"": ""medium"", ""sensitivity"": ""low""}",15,32,40,60,low,audited,Representative species direct pages (NC State Plant Toolbox / RHS indoor plant guidance): Beaucarnea recurvata,基线基于该属在 plants 表中的代表物种直达页面/权威园艺页面抽象；适用于 genus baseline，具体品种差异由 care_overrides 处理。,L1_representative_species_direct,representative_species_direct,,2026-03-21 23:59:15,2026-03-21 23:59:15
Begonia,Begoniaceae,Flowering,"{""way"": ""微干再浇"", ""freq"": [4, 7]}","{""freq"": [7, 10], ""type"": ""稀释"", ""unit"": ""天"", ""other"": """"}","{""way"": ""明亮散射光""}","{""level"": ""medium""}",15,28,50,80,medium,audited,Representative species direct pages (NC State Plant Toolbox / RHS ornamental guidance): Begonia cucullata; Begonia × hiemalis,基线基于该属在 plants 表中的代表物种直达页面/权威园艺页面抽象；适用于 genus baseline，具体品种差异由 care_overrides 处理。,L1_representative_species_direct,representative_species_direct,,2026-03-21 23:59:15,2026-03-21 23:59:15
Bellis,Asteraceae,Flowering,"{""way"": ""见干浇透"", ""freq"": [4, 6], ""unit"": ""天"", ""verb"": ""浇""}","{""freq"": [7, 10], ""type"": ""稀释"", ""unit"": ""天"", ""other"": """"}","{""way"": ""全日光"", ""freq"": [6, 8], ""unit"": ""小时/天"", ""other"": """"}","{""level"": ""medium"", ""sensitivity"": ""low""}",15,30,50,70,low,audited,Representative species direct pages (NC State Plant Toolbox / RHS ornamental guidance): Bellis perennis,基线基于该属在 plants 表中的代表物种直达页面/权威园艺页面抽象；适用于 genus baseline，具体品种差异由 care_overrides 处理。,L1_representative_species_direct,representative_species_direct,,2026-03-21 23:59:15,2026-03-21 23:59:15
Bougainvillea,Nyctaginaceae,Flowering,"{""way"": ""见干浇透"", ""freq"": [4, 6], ""unit"": ""天"", ""verb"": ""浇""}","{""freq"": [7, 10], ""type"": ""稀释"", ""unit"": ""天"", ""other"": """"}","{""way"": ""全日光"", ""freq"": [6, 8], ""unit"": ""小时/天"", ""other"": """"}","{""level"": ""medium"", ""sensitivity"": ""low""}",15,30,50,70,low,audited,Representative species direct pages (NC State Plant Toolbox / RHS ornamental guidance): Bougainvillea spectabilis,基线基于该属在 plants 表中的代表物种直达页面/权威园艺页面抽象；适用于 genus baseline，具体品种差异由 care_overrides 处理。,L1_representative_species_direct,representative_species_direct,,2026-03-21 23:59:15,2026-03-21 23:59:15
Brassica,Brassicaceae,Vegetable,"{""way"": ""见干浇透"", ""freq"": [4, 6], ""unit"": ""天"", ""verb"": ""浇""}","{""freq"": [7, 10], ""type"": ""稀释"", ""unit"": ""天"", ""other"": """"}","{""way"": ""散射光"", ""freq"": [4, 6], ""unit"": ""小时/天"", ""other"": ""可补光""}","{""level"": ""medium"", ""sensitivity"": ""low""}",15,25,60,80,medium,audited,Representative crop/species pages (RHS Grow Your Own / Extension crop guidance): Brassica rapa var. chinensis; Brassica rapa subsp. chinensis,基线基于该属在 plants 表中的代表物种直达页面/权威园艺页面抽象；适用于 genus baseline，具体品种差异由 care_overrides 处理。,L1_representative_species_direct,representative_species_direct,,2026-03-21 23:59:15,2026-03-21 23:59:15
Caladium,Araceae,Foliage,"{""way"": ""见干浇透"", ""freq"": [5, 7], ""unit"": ""天"", ""verb"": ""浇""}","{""freq"": [10, 15], ""type"": ""稀释"", ""unit"": ""天"", ""other"": """"}","{""way"": ""散射光"", ""freq"": [4, 6], ""unit"": ""小时/天"", ""other"": ""避免直晒""}","{""level"": ""medium"", ""sensitivity"": ""low""}",15,30,50,70,low,audited,Representative species direct pages (NC State Plant Toolbox / RHS indoor plant guidance): Caladium bicolor,基线基于该属在 plants 表中的代表物种直达页面/权威园艺页面抽象；适用于 genus baseline，具体品种差异由 care_overrides 处理。,L1_representative_species_direct,representative_species_direct,,2026-03-21 23:59:15,2026-03-21 23:59:15
Calendula,Asteraceae,Flowering,"{""way"": ""见干浇透"", ""freq"": [4, 6], ""unit"": ""天"", ""verb"": ""浇""}","{""freq"": [7, 10], ""type"": ""稀释"", ""unit"": ""天"", ""other"": """"}","{""way"": ""全日光"", ""freq"": [6, 8], ""unit"": ""小时/天"", ""other"": """"}","{""level"": ""medium"", ""sensitivity"": ""low""}",15,30,50,70,low,audited,Representative species direct pages (NC State Plant Toolbox / RHS ornamental guidance): Calendula officinalis,基线基于该属在 plants 表中的代表物种直达页面/权威园艺页面抽象；适用于 genus baseline，具体品种差异由 care_overrides 处理。,L1_representative_species_direct,representative_species_direct,,2026-03-21 23:59:15,2026-03-21 23:59:15
Camellia,Theaceae,Flowering,"{""way"": ""见干浇透"", ""freq"": [5, 7], ""unit"": ""天"", ""verb"": ""浇""}","{""freq"": [10, 15], ""type"": ""稀释"", ""unit"": ""天"", ""other"": """"}","{""way"": ""散射光"", ""freq"": [4, 6], ""unit"": ""小时/天"", ""other"": ""避免直晒""}","{""level"": ""medium"", ""sensitivity"": ""low""}",10,20,50,70,low,audited,Representative species direct pages (NC State Plant Toolbox / RHS ornamental guidance): Camellia japonica,基线基于该属在 plants 表中的代表物种直达页面/权威园艺页面抽象；适用于 genus baseline，具体品种差异由 care_overrides 处理。,L1_representative_species_direct,representative_species_direct,,2026-03-22 00:01:02,2026-03-22 00:01:02
Campsis,Bignoniaceae,Flowering,"{""way"": ""见干浇透"", ""freq"": [4, 6], ""unit"": ""天"", ""verb"": ""浇""}","{""freq"": [7, 10], ""type"": ""稀释"", ""unit"": ""天"", ""other"": """"}","{""way"": ""全日光"", ""freq"": [6, 8], ""unit"": ""小时/天"", ""other"": """"}","{""level"": ""medium"", ""sensitivity"": ""low""}",15,30,50,70,low,audited,Representative species direct pages (NC State Plant Toolbox / RHS ornamental guidance): Campsis grandiflora,基线基于该属在 plants 表中的代表物种直达页面/权威园艺页面抽象；适用于 genus baseline，具体品种差异由 care_overrides 处理。,L1_representative_species_direct,representative_species_direct,,2026-03-22 00:01:02,2026-03-22 00:01:02
Canna,Cannaceae,Flowering,"{""way"": ""见干浇透"", ""freq"": [4, 6], ""unit"": ""天"", ""verb"": ""浇""}","{""freq"": [7, 10], ""type"": ""稀释"", ""unit"": ""天"", ""other"": """"}","{""way"": ""全日光"", ""freq"": [6, 8], ""unit"": ""小时/天"", ""other"": """"}","{""level"": ""medium"", ""sensitivity"": ""low""}",15,30,50,70,low,audited,Representative species direct pages (NC State Plant Toolbox / RHS ornamental guidance): Canna indica,基线基于该属在 plants 表中的代表物种直达页面/权威园艺页面抽象；适用于 genus baseline，具体品种差异由 care_overrides 处理。,L1_representative_species_direct,representative_species_direct,,2026-03-22 00:01:02,2026-03-22 00:01:02
Capsicum,Solanaceae,Vegetable,"{""way"": ""见干浇透"", ""freq"": [4, 6], ""unit"": ""天"", ""verb"": ""浇""}","{""freq"": [10, 15], ""type"": ""稀释"", ""unit"": ""天"", ""other"": """"}","{""way"": ""全日光"", ""freq"": [6, 8], ""unit"": ""小时/天"", ""other"": ""可补光""}","{""level"": ""medium"", ""sensitivity"": ""low""}",18,28,50,70,low,audited,Representative crop/species pages (RHS Grow Your Own / Extension crop guidance): Capsicum annuum var. grossum; Capsicum annuum,基线基于该属在 plants 表中的代表物种直达页面/权威园艺页面抽象；适用于 genus baseline，具体品种差异由 care_overrides 处理。,L1_representative_species_direct,representative_species_direct,,2026-03-22 00:01:02,2026-03-22 00:01:02
Catharanthus,Apocynaceae,Flowering,"{""way"": ""见干浇透"", ""freq"": [4, 6], ""unit"": ""天"", ""verb"": ""浇""}","{""freq"": [7, 10], ""type"": ""稀释"", ""unit"": ""天"", ""other"": """"}","{""way"": ""散射光"", ""freq"": [4, 6], ""unit"": ""小时/天"", ""other"": ""避免直晒""}","{""level"": ""medium"", ""sensitivity"": ""low""}",18,28,60,80,low,audited,Representative species direct pages (NC State Plant Toolbox / RHS ornamental guidance): Catharanthus roseus,基线基于该属在 plants 表中的代表物种直达页面/权威园艺页面抽象；适用于 genus baseline，具体品种差异由 care_overrides 处理。,L1_representative_species_direct,representative_species_direct,,2026-03-22 00:01:02,2026-03-22 00:01:02
Celosia,Amaranthaceae,Flowering,"{""way"": ""见干浇透"", ""freq"": [5, 7], ""unit"": ""天"", ""verb"": ""浇""}","{""freq"": [10, 15], ""type"": ""稀释"", ""unit"": ""天"", ""other"": """"}","{""way"": ""散射光"", ""freq"": [4, 6], ""unit"": ""小时/天"", ""other"": ""避免直晒""}","{""level"": ""medium"", ""sensitivity"": ""low""}",10,20,50,70,low,audited,Representative species direct pages (NC State Plant Toolbox / RHS ornamental guidance): Celosia argentea,基线基于该属在 plants 表中的代表物种直达页面/权威园艺页面抽象；适用于 genus baseline，具体品种差异由 care_overrides 处理。,L1_representative_species_direct,representative_species_direct,,2026-03-22 00:01:02,2026-03-22 00:01:02
Cestrum,Solanaceae,Flowering,"{""way"": ""见干浇透"", ""freq"": [4, 6], ""unit"": ""天"", ""verb"": ""浇""}","{""freq"": [7, 10], ""type"": ""稀释"", ""unit"": ""天"", ""other"": """"}","{""way"": ""全日光"", ""freq"": [6, 8], ""unit"": ""小时/天"", ""other"": """"}","{""level"": ""medium"", ""sensitivity"": ""low""}",15,30,50,70,low,audited,Representative species direct pages (NC State Plant Toolbox / RHS ornamental guidance): Cestrum nocturnum,基线基于该属在 plants 表中的代表物种直达页面/权威园艺页面抽象；适用于 genus baseline，具体品种差异由 care_overrides 处理。,L1_representative_species_direct,representative_species_direct,,2026-03-22 00:01:02,2026-03-22 00:01:02
Chamaedorea,Arecaceae,Foliage,"{""way"": ""见干浇透"", ""freq"": [5, 7], ""unit"": ""天"", ""verb"": ""浇""}","{""freq"": [10, 15], ""type"": ""稀释"", ""unit"": ""天"", ""other"": """"}","{""way"": ""散射光"", ""freq"": [4, 6], ""unit"": ""小时/天"", ""other"": ""避免直晒""}","{""level"": ""medium"", ""sensitivity"": ""low""}",15,30,50,70,low,audited,Representative species direct pages (NC State Plant Toolbox / RHS indoor plant guidance): Chamaedorea elegans,基线基于该属在 plants 表中的代表物种直达页面/权威园艺页面抽象；适用于 genus baseline，具体品种差异由 care_overrides 处理。,L1_representative_species_direct,representative_species_direct,,2026-03-22 00:01:02,2026-03-22 00:01:02
Chlorophytum,Asparagaceae,Foliage,"{""way"": ""微干再浇"", ""freq"": [7, 12], ""unit"": ""天"", ""verb"": ""浇""}","{""freq"": [30, 45], ""type"": ""稀释"", ""unit"": ""天"", ""other"": ""生长期为主""}","{""way"": ""中等散射光"", ""freq"": [3, 6], ""unit"": ""小时/天"", ""other"": ""可耐阴，忌烈日""}","{""level"": ""medium"", ""sensitivity"": ""low""}",8,30,35,70,low,audited,Representative species direct pages (NC State Plant Toolbox / RHS indoor plant guidance): Chlorophytum comosum; Chlorophytum comosum 'Bonnie',基线基于该属在 plants 表中的代表物种直达页面/权威园艺页面抽象；适用于 genus baseline，具体品种差异由 care_overrides 处理。,L1_representative_species_direct,representative_species_direct,,2026-03-22 00:01:02,2026-03-22 00:01:02
Clematis,Ranunculaceae,Flowering,"{""way"": ""见干浇透"", ""freq"": [5, 7], ""unit"": ""天"", ""verb"": ""浇""}","{""freq"": [10, 15], ""type"": ""稀释"", ""unit"": ""天"", ""other"": """"}","{""way"": ""散射光"", ""freq"": [4, 6], ""unit"": ""小时/天"", ""other"": ""避免直晒""}","{""level"": ""medium"", ""sensitivity"": ""low""}",10,20,50,70,low,audited,Representative species direct pages (NC State Plant Toolbox / RHS ornamental guidance): Clematis spp.,基线基于该属在 plants 表中的代表物种直达页面/权威园艺页面抽象；适用于 genus baseline，具体品种差异由 care_overrides 处理。,L1_representative_species_direct,representative_species_direct,,2026-03-22 00:01:02,2026-03-22 00:01:02
Clivia,Amaryllidaceae,Flowering,"{""way"": ""见干浇透"", ""freq"": [5, 7], ""unit"": ""天"", ""verb"": ""浇""}","{""freq"": [10, 15], ""type"": ""稀释"", ""unit"": ""天"", ""other"": """"}","{""way"": ""散射光"", ""freq"": [4, 6], ""unit"": ""小时/天"", ""other"": ""避免直晒""}","{""level"": ""medium"", ""sensitivity"": ""low""}",10,20,50,70,low,audited,Representative species direct pages (NC State Plant Toolbox / RHS ornamental guidance): Clivia miniata,基线基于该属在 plants 表中的代表物种直达页面/权威园艺页面抽象；适用于 genus baseline，具体品种差异由 care_overrides 处理。,L1_representative_species_direct,representative_species_direct,,2026-03-22 00:01:02,2026-03-22 00:01:02
Coriandrum,Apiaceae,Herb,"{""way"": ""见干浇透"", ""freq"": [4, 6], ""unit"": ""天"", ""verb"": ""浇""}","{""freq"": [10, 15], ""type"": ""稀释"", ""unit"": ""天"", ""other"": """"}","{""way"": ""全日光"", ""freq"": [6, 8], ""unit"": ""小时/天"", ""other"": ""避免直晒""}","{""level"": ""medium"", ""sensitivity"": ""low""}",18,28,50,70,low,audited,Representative herb/species pages (RHS herb guidance / Extension): Coriandrum sativum,基线基于该属在 plants 表中的代表物种直达页面/权威园艺页面抽象；适用于 genus baseline，具体品种差异由 care_overrides 处理。,L1_representative_species_direct,representative_species_direct,,2026-03-22 00:01:02,2026-03-22 00:01:02
Crassula,Crassulaceae,Succulent,"{""way"": ""干透再浇"", ""freq"": [10, 20]}","{""freq"": [20, 30], ""type"": ""稀释"", ""unit"": ""天"", ""other"": """"}","{""way"": ""强光""}","{""level"": ""high""}",10,30,20,60,low,audited,Representative species direct pages (NC State Plant Toolbox / xeric succulent references): Crassula ovata,基线基于该属在 plants 表中的代表物种直达页面/权威园艺页面抽象；适用于 genus baseline，具体品种差异由 care_overrides 处理。,L1_representative_species_direct,representative_species_direct,,2026-03-22 00:01:02,2026-03-22 00:01:02
Crassulaceae,null,Succulent,"{""way"": ""宁干勿湿"", ""freq"": [10, 15], ""unit"": ""天"", ""verb"": ""浇""}","{""freq"": [20, 30], ""type"": ""稀释"", ""unit"": ""天"", ""other"": """"}","{""way"": ""全日光"", ""freq"": [4, 6], ""unit"": ""小时/天"", ""other"": ""可补光""}","{""level"": ""medium"", ""sensitivity"": ""low""}",10,30,30,50,low,audited,NC State / RHS representative species references,当前仍以类群/作物组或近缘代表资料归纳，待进一步推向 L1。,L2_derived_from_authoritative_sources,group_or_crop_derived,,2026-03-22 00:01:02,2026-03-22 00:01:02
Crocus,Iridaceae,Bulb Flower,"{""way"": ""见干浇透"", ""freq"": [5, 7], ""unit"": ""天"", ""verb"": ""浇""}","{""freq"": [10, 15], ""type"": ""稀释"", ""unit"": ""天"", ""other"": """"}","{""way"": ""散射光"", ""freq"": [4, 6], ""unit"": ""小时/天"", ""other"": ""避免直晒""}","{""level"": ""medium"", ""sensitivity"": ""low""}",10,20,50,70,low,audited,RHS ornamental flower/shrub guides + extension ornamental references,当前仍以类群/作物组或近缘代表资料归纳，待进一步推向 L1。,L2_derived_from_authoritative_sources,group_or_crop_derived,,2026-03-22 00:01:02,2026-03-22 00:01:02
Cucumis,Cucurbitaceae,Vegetable,"{""way"": ""见干浇透"", ""freq"": [4, 6], ""unit"": ""天"", ""verb"": ""浇""}","{""freq"": [10, 15], ""type"": ""稀释"", ""unit"": ""天"", ""other"": """"}","{""way"": ""全日光"", ""freq"": [6, 8], ""unit"": ""小时/天"", ""other"": ""可补光""}","{""level"": ""medium"", ""sensitivity"": ""low""}",18,28,50,70,low,audited,Representative crop/species pages (RHS Grow Your Own / Extension crop guidance): Cucumis sativus,基线基于该属在 plants 表中的代表物种直达页面/权威园艺页面抽象；适用于 genus baseline，具体品种差异由 care_overrides 处理。,L1_representative_species_direct,representative_species_direct,,2026-03-22 00:01:02,2026-03-22 00:01:02
Cucurbita,Cucurbitaceae,Vegetable,"{""way"": ""见干浇透"", ""freq"": [4, 6], ""unit"": ""天"", ""verb"": ""浇""}","{""freq"": [10, 15], ""type"": ""稀释"", ""unit"": ""天"", ""other"": """"}","{""way"": ""全日光"", ""freq"": [6, 8], ""unit"": ""小时/天"", ""other"": ""可补光""}","{""level"": ""medium"", ""sensitivity"": ""low""}",18,28,50,70,medium,audited,Representative crop/species pages (RHS Grow Your Own / Extension crop guidance): Cucurbita moschata; Cucurbita pepo,基线基于该属在 plants 表中的代表物种直达页面/权威园艺页面抽象；适用于 genus baseline，具体品种差异由 care_overrides 处理。,L1_representative_species_direct,representative_species_direct,,2026-03-22 00:01:02,2026-03-22 00:01:02
Curcuma,Zingiberaceae,Flowering,"{""way"": ""见干浇透"", ""freq"": [5, 7], ""unit"": ""天"", ""verb"": ""浇""}","{""freq"": [10, 15], ""type"": ""稀释"", ""unit"": ""天"", ""other"": """"}","{""way"": ""散射光"", ""freq"": [4, 6], ""unit"": ""小时/天"", ""other"": ""避免直晒""}","{""level"": ""medium"", ""sensitivity"": ""low""}",10,20,50,70,low,audited,Representative species direct pages (NC State Plant Toolbox / RHS ornamental guidance): Curcuma alismatifolia,基线基于该属在 plants 表中的代表物种直达页面/权威园艺页面抽象；适用于 genus baseline，具体品种差异由 care_overrides 处理。,L1_representative_species_direct,representative_species_direct,,2026-03-22 00:01:02,2026-03-22 00:01:02
Curio,Asteraceae,Succulent,"{""way"": ""宁干勿湿"", ""freq"": [10, 15], ""unit"": ""天"", ""verb"": ""浇""}","{""freq"": [20, 30], ""type"": ""稀释"", ""unit"": ""天"", ""other"": """"}","{""way"": ""全日光"", ""freq"": [4, 6], ""unit"": ""小时/天"", ""other"": ""可补光""}","{""level"": ""medium"", ""sensitivity"": ""low""}",10,30,30,50,low,audited,NC State Plant Toolbox succulent/cactus pages + extension succulent care guidance,当前仍以类群/作物组或近缘代表资料归纳，待进一步推向 L1。,L2_derived_from_authoritative_sources,group_or_crop_derived,,2026-03-22 00:01:02,2026-03-22 00:01:02
Cyclamen,Primulaceae,Flowering,"{""way"": ""见干浇透"", ""freq"": [5, 7], ""unit"": ""天"", ""verb"": ""浇""}","{""freq"": [10, 15], ""type"": ""稀释"", ""unit"": ""天"", ""other"": """"}","{""way"": ""散射光"", ""freq"": [4, 6], ""unit"": ""小时/天"", ""other"": ""避免直晒""}","{""level"": ""medium"", ""sensitivity"": ""low""}",10,20,50,70,low,audited,Representative species direct pages (NC State Plant Toolbox / RHS ornamental guidance): Cyclamen persicum,基线基于该属在 plants 表中的代表物种直达页面/权威园艺页面抽象；适用于 genus baseline，具体品种差异由 care_overrides 处理。,L1_representative_species_direct,representative_species_direct,,2026-03-22 00:01:02,2026-03-22 00:01:02
Cyperus,Cyperaceae,Aquatic,"{""way"": ""保持水位"", ""freq"": [3, 5], ""unit"": ""天"", ""verb"": ""换水""}","{""freq"": [7, 10], ""type"": ""稀释"", ""unit"": ""天"", ""other"": """"}","{""way"": ""全日光"", ""freq"": [6, 8], ""unit"": ""小时/天"", ""other"": """"}","{""level"": ""medium"", ""sensitivity"": ""low""}",18,30,60,90,low,audited,NC State Plant Toolbox houseplant pages + RHS indoor palms/houseplant guidance,当前仍以类群/作物组或近缘代表资料归纳，待进一步推向 L1。,L2_derived_from_authoritative_sources,group_or_crop_derived,,2026-03-22 00:04:53,2026-03-22 00:04:53
Dahlia,Asteraceae,Flowering,"{""way"": ""见干浇透"", ""freq"": [4, 6], ""unit"": ""天"", ""verb"": ""浇""}","{""freq"": [7, 10], ""type"": ""稀释"", ""unit"": ""天"", ""other"": """"}","{""way"": ""全日光"", ""freq"": [6, 8], ""unit"": ""小时/天"", ""other"": """"}","{""level"": ""medium"", ""sensitivity"": ""low""}",15,30,50,70,low,audited,Representative species direct pages (NC State Plant Toolbox / RHS ornamental guidance): Dahlia pinnata,基线基于该属在 plants 表中的代表物种直达页面/权威园艺页面抽象；适用于 genus baseline，具体品种差异由 care_overrides 处理。,L1_representative_species_direct,representative_species_direct,,2026-03-22 00:04:53,2026-03-22 00:04:53
Dianthus,null,Flowering,"{""way"": ""见干浇透"", ""freq"": [5, 7], ""unit"": ""天"", ""verb"": ""浇""}","{""freq"": [10, 15], ""type"": ""稀释"", ""unit"": ""天"", ""other"": """"}","{""way"": ""散射光"", ""freq"": [4, 6], ""unit"": ""小时/天"", ""other"": ""避免直晒""}","{""level"": ""medium"", ""sensitivity"": ""low""}",10,20,50,70,low,audited,Representative species direct pages (NC State Plant Toolbox / RHS ornamental guidance): Dianthus caryophyllus; Dianthus chinensis,基线基于该属在 plants 表中的代表物种直达页面/权威园艺页面抽象；适用于 genus baseline，具体品种差异由 care_overrides 处理。,L1_representative_species_direct,representative_species_direct,,2026-03-22 00:04:53,2026-03-22 00:04:53
Dieffenbachia,Araceae,Foliage,"{""way"": ""表层1英寸干后浇透"", ""freq"": [5, 9], ""unit"": ""天"", ""verb"": ""浇""}","{""freq"": [30, 45], ""type"": ""稀释"", ""unit"": ""天"", ""other"": ""生长期为主""}","{""way"": ""明亮散射光"", ""freq"": [3, 6], ""unit"": ""小时/天"", ""other"": ""避免直晒""}","{""level"": ""medium"", ""sensitivity"": ""medium""}",18,29,55,80,medium,audited,Representative species direct pages (NC State Plant Toolbox / RHS indoor plant guidance): Dieffenbachia seguine,基线基于该属在 plants 表中的代表物种直达页面/权威园艺页面抽象；适用于 genus baseline，具体品种差异由 care_overrides 处理。,L1_representative_species_direct,representative_species_direct,,2026-03-22 00:04:53,2026-03-22 00:04:53
Dracaena,Asparagaceae,Foliage,"{""way"": ""土干再浇"", ""freq"": [10, 20], ""unit"": ""天"", ""verb"": ""浇""}","{""freq"": [30, 45], ""type"": ""稀释"", ""unit"": ""天"", ""other"": ""生长期为主""}","{""way"": ""明亮散射光"", ""freq"": [3, 6], ""unit"": ""小时/天"", ""other"": ""耐中低光，直晒易灼伤""}","{""level"": ""medium"", ""sensitivity"": ""low""}",10,30,30,75,medium,audited,Representative species direct pages (NC State Plant Toolbox / RHS indoor plant guidance): Dracaena trifasciata; Dracaena fragrans,基线基于该属在 plants 表中的代表物种直达页面/权威园艺页面抽象；适用于 genus baseline，具体品种差异由 care_overrides 处理。,L1_representative_species_direct,representative_species_direct,,2026-03-22 00:04:53,2026-03-22 00:04:53
Dypsis,Arecaceae,Foliage,"{""way"": ""见干浇透"", ""freq"": [5, 7], ""unit"": ""天"", ""verb"": ""浇""}","{""freq"": [10, 15], ""type"": ""稀释"", ""unit"": ""天"", ""other"": """"}","{""way"": ""散射光"", ""freq"": [4, 6], ""unit"": ""小时/天"", ""other"": ""避免直晒""}","{""level"": ""medium"", ""sensitivity"": ""low""}",15,30,50,70,low,audited,Representative species direct pages (NC State Plant Toolbox / RHS indoor plant guidance): Dypsis lutescens,基线基于该属在 plants 表中的代表物种直达页面/权威园艺页面抽象；适用于 genus baseline，具体品种差异由 care_overrides 处理。,L1_representative_species_direct,representative_species_direct,,2026-03-22 00:04:53,2026-03-22 00:04:53
Echeveria,Crassulaceae,Succulent,"{""way"": ""完全干透再浇"", ""freq"": [10, 21], ""unit"": ""天"", ""verb"": ""浇""}","{""freq"": [45, 60], ""type"": ""稀释"", ""unit"": ""天"", ""other"": ""少量，忌过肥""}","{""way"": ""全日照/强光"", ""freq"": [6, 8], ""unit"": ""小时/天"", ""other"": ""光照不足易徒长""}","{""level"": ""high"", ""sensitivity"": ""high""}",5,30,20,60,low,audited,Representative species direct pages (NC State Plant Toolbox / xeric succulent references): Echeveria chihuahuaensis,基线基于该属在 plants 表中的代表物种直达页面/权威园艺页面抽象；适用于 genus baseline，具体品种差异由 care_overrides 处理。,L1_representative_species_direct,representative_species_direct,,2026-03-22 00:04:53,2026-03-22 00:04:53
Echinocactus,Cactaceae,Succulent,"{""way"": ""宁干勿湿"", ""freq"": [15, 20], ""unit"": ""天"", ""verb"": ""浇""}","{""freq"": [20, 30], ""type"": ""稀释"", ""unit"": ""天"", ""other"": """"}","{""way"": ""全日光"", ""freq"": [6, 8], ""unit"": ""小时/天"", ""other"": ""可补光""}","{""level"": ""medium"", ""sensitivity"": ""low""}",10,30,25,45,low,audited,NC State Plant Toolbox succulent/cactus pages + extension succulent care guidance,当前仍以类群/作物组或近缘代表资料归纳，待进一步推向 L1。,L2_derived_from_authoritative_sources,group_or_crop_derived,,2026-03-22 00:04:53,2026-03-22 00:04:53
Echinopsis,Cactaceae,Succulent,"{""way"": ""宁干勿湿"", ""freq"": [15, 20], ""unit"": ""天"", ""verb"": ""浇""}","{""freq"": [20, 30], ""type"": ""稀释"", ""unit"": ""天"", ""other"": """"}","{""way"": ""全日光"", ""freq"": [6, 8], ""unit"": ""小时/天"", ""other"": ""可补光""}","{""level"": ""medium"", ""sensitivity"": ""low""}",10,30,25,45,low,audited,NC State Plant Toolbox succulent/cactus pages + extension succulent care guidance,当前仍以类群/作物组或近缘代表资料归纳，待进一步推向 L1。,L2_derived_from_authoritative_sources,group_or_crop_derived,,2026-03-22 00:04:53,2026-03-22 00:04:53
Eichhornia,Pontederiaceae,Aquatic,"{""way"": ""保持水位"", ""freq"": [3, 5], ""unit"": ""天"", ""verb"": ""换水""}","{""freq"": [7, 10], ""type"": ""稀释"", ""unit"": ""天"", ""other"": """"}","{""way"": ""全日光"", ""freq"": [6, 8], ""unit"": ""小时/天"", ""other"": """"}","{""level"": ""medium"", ""sensitivity"": ""low""}",18,30,60,90,low,audited,RHS pond/marginal plant guidance + aquatic plant extension references,当前仍以类群/作物组或近缘代表资料归纳，待进一步推向 L1。,L2_derived_from_authoritative_sources,group_or_crop_derived,,2026-03-22 00:04:53,2026-03-22 00:04:53
Epipremnum,Araceae,Foliage,"{""way"": ""见干浇透"", ""freq"": [7, 10], ""unit"": ""天"", ""verb"": ""浇""}","{""freq"": [45, 60], ""type"": ""稀释"", ""unit"": ""天"", ""other"": ""生长期为主""}","{""way"": ""明亮散射光"", ""freq"": [4, 8], ""unit"": ""小时/天"", ""other"": ""可耐低光，避免暴晒""}","{""level"": ""medium"", ""sensitivity"": ""low""}",15,32,40,80,low,audited,Representative species direct pages (NC State Plant Toolbox / RHS indoor plant guidance): Epipremnum aureum,基线基于该属在 plants 表中的代表物种直达页面/权威园艺页面抽象；适用于 genus baseline，具体品种差异由 care_overrides 处理。,L1_representative_species_direct,representative_species_direct,,2026-03-22 00:04:53,2026-03-22 00:04:53
Eruca,Brassicaceae,Vegetable,"{""way"": ""见干浇透"", ""freq"": [4, 6], ""unit"": ""天"", ""verb"": ""浇""}","{""freq"": [7, 10], ""type"": ""稀释"", ""unit"": ""天"", ""other"": """"}","{""way"": ""散射光"", ""freq"": [4, 6], ""unit"": ""小时/天"", ""other"": ""可补光""}","{""level"": ""medium"", ""sensitivity"": ""low""}",15,25,60,80,low,audited,Representative crop/species pages (RHS Grow Your Own / Extension crop guidance): Eruca vesicaria,基线基于该属在 plants 表中的代表物种直达页面/权威园艺页面抽象；适用于 genus baseline，具体品种差异由 care_overrides 处理。,L1_representative_species_direct,representative_species_direct,,2026-03-22 00:04:53,2026-03-22 00:04:53
Euphorbia,Euphorbiaceae,Flowering,"{""way"": ""见干浇透"", ""freq"": [5, 7], ""unit"": ""天"", ""verb"": ""浇""}","{""freq"": [10, 15], ""type"": ""稀释"", ""unit"": ""天"", ""other"": """"}","{""way"": ""散射光"", ""freq"": [4, 6], ""unit"": ""小时/天"", ""other"": ""避免直晒""}","{""level"": ""medium"", ""sensitivity"": ""low""}",10,20,50,70,low,audited,Representative species direct pages (NC State Plant Toolbox / RHS ornamental guidance): Euphorbia pulcherrima; Euphorbia lactea,基线基于该属在 plants 表中的代表物种直达页面/权威园艺页面抽象；适用于 genus baseline，具体品种差异由 care_overrides 处理。,L1_representative_species_direct,representative_species_direct,,2026-03-22 00:04:53,2026-03-22 00:04:53
Ficus,Moraceae,Foliage,"{""way"": ""见干浇透"", ""freq"": [7, 12], ""unit"": ""天"", ""verb"": ""浇""}","{""freq"": [30, 45], ""type"": ""稀释"", ""unit"": ""天"", ""other"": ""春夏为主，冬季减量""}","{""way"": ""明亮散射光"", ""freq"": [4, 8], ""unit"": ""小时/天"", ""other"": ""可耐部分遮阴，避免烈日暴晒""}","{""level"": ""medium"", ""sensitivity"": ""medium""}",13,30,40,80,high,audited,Representative species direct pages (NC State Plant Toolbox / RHS indoor plant guidance): Ficus elastica; Ficus lyrata,基线基于该属在 plants 表中的代表物种直达页面/权威园艺页面抽象；适用于 genus baseline，具体品种差异由 care_overrides 处理。,L1_representative_species_direct,representative_species_direct,,2026-03-22 00:04:53,2026-03-22 00:04:53
Fittonia,Acanthaceae,Foliage,"{""way"": ""见干浇透"", ""freq"": [5, 7], ""unit"": ""天"", ""verb"": ""浇""}","{""freq"": [10, 15], ""type"": ""稀释"", ""unit"": ""天"", ""other"": """"}","{""way"": ""散射光"", ""freq"": [4, 6], ""unit"": ""小时/天"", ""other"": ""避免直晒""}","{""level"": ""medium"", ""sensitivity"": ""low""}",15,30,50,70,low,audited,Representative species direct pages (NC State Plant Toolbox / RHS indoor plant guidance): Fittonia albivenis,基线基于该属在 plants 表中的代表物种直达页面/权威园艺页面抽象；适用于 genus baseline，具体品种差异由 care_overrides 处理。,L1_representative_species_direct,representative_species_direct,,2026-03-22 00:04:53,2026-03-22 00:04:53
Foeniculum,Apiaceae,Herb,"{""way"": ""见干浇透"", ""freq"": [4, 6], ""unit"": ""天"", ""verb"": ""浇""}","{""freq"": [10, 15], ""type"": ""稀释"", ""unit"": ""天"", ""other"": """"}","{""way"": ""全日光"", ""freq"": [6, 8], ""unit"": ""小时/天"", ""other"": ""避免直晒""}","{""level"": ""medium"", ""sensitivity"": ""low""}",18,28,50,70,low,audited,Representative herb/species pages (RHS herb guidance / Extension): Foeniculum vulgare,基线基于该属在 plants 表中的代表物种直达页面/权威园艺页面抽象；适用于 genus baseline，具体品种差异由 care_overrides 处理。,L1_representative_species_direct,representative_species_direct,,2026-03-22 00:04:53,2026-03-22 00:04:53
Fragaria,Rosaceae,Vegetable,"{""way"": ""见干浇透"", ""freq"": [4, 6], ""unit"": ""天"", ""verb"": ""浇""}","{""freq"": [7, 10], ""type"": ""稀释"", ""unit"": ""天"", ""other"": """"}","{""way"": ""散射光"", ""freq"": [4, 6], ""unit"": ""小时/天"", ""other"": ""可补光""}","{""level"": ""medium"", ""sensitivity"": ""low""}",15,25,60,80,low,audited,Representative crop/species pages (RHS Grow Your Own / Extension crop guidance): Fragaria × ananassa,基线基于该属在 plants 表中的代表物种直达页面/权威园艺页面抽象；适用于 genus baseline，具体品种差异由 care_overrides 处理。,L1_representative_species_direct,representative_species_direct,,2026-03-22 00:04:53,2026-03-22 00:04:53
Fuchsia,Onagraceae,Flowering,"{""way"": ""见干浇透"", ""freq"": [5, 7], ""unit"": ""天"", ""verb"": ""浇""}","{""freq"": [10, 15], ""type"": ""稀释"", ""unit"": ""天"", ""other"": """"}","{""way"": ""散射光"", ""freq"": [4, 6], ""unit"": ""小时/天"", ""other"": ""避免直晒""}","{""level"": ""medium"", ""sensitivity"": ""low""}",10,20,50,70,low,audited,Representative species direct pages (NC State Plant Toolbox / RHS ornamental guidance): Fuchsia hybrida,基线基于该属在 plants 表中的代表物种直达页面/权威园艺页面抽象；适用于 genus baseline，具体品种差异由 care_overrides 处理。,L1_representative_species_direct,representative_species_direct,,2026-03-22 00:04:53,2026-03-22 00:04:53
Gardenia,null,Flowering,"{""way"": ""见干浇透"", ""freq"": [5, 7], ""unit"": ""天"", ""verb"": ""浇""}","{""freq"": [10, 15], ""type"": ""稀释"", ""unit"": ""天"", ""other"": """"}","{""way"": ""散射光"", ""freq"": [4, 6], ""unit"": ""小时/天"", ""other"": ""避免直晒""}","{""level"": ""medium"", ""sensitivity"": ""low""}",10,20,50,70,low,audited,Representative species direct pages (NC State Plant Toolbox / RHS ornamental guidance): Gardenia jasminoides,基线基于该属在 plants 表中的代表物种直达页面/权威园艺页面抽象；适用于 genus baseline，具体品种差异由 care_overrides 处理。,L1_representative_species_direct,representative_species_direct,,2026-03-22 00:04:53,2026-03-22 00:04:53
Gerbera,Asteraceae,Flowering,"{""way"": ""见干浇透"", ""freq"": [4, 6], ""unit"": ""天"", ""verb"": ""浇""}","{""freq"": [7, 10], ""type"": ""稀释"", ""unit"": ""天"", ""other"": """"}","{""way"": ""全日光"", ""freq"": [6, 8], ""unit"": ""小时/天"", ""other"": """"}","{""level"": ""medium"", ""sensitivity"": ""low""}",15,30,50,70,low,audited,Representative species direct pages (NC State Plant Toolbox / RHS ornamental guidance): Gerbera jamesonii,基线基于该属在 plants 表中的代表物种直达页面/权威园艺页面抽象；适用于 genus baseline，具体品种差异由 care_overrides 处理。,L1_representative_species_direct,representative_species_direct,,2026-03-22 00:04:53,2026-03-22 00:04:53
Gladiolus,Iridaceae,Bulb Flower,"{""way"": ""见干浇透"", ""freq"": [5, 7], ""unit"": ""天"", ""verb"": ""浇""}","{""freq"": [10, 15], ""type"": ""稀释"", ""unit"": ""天"", ""other"": """"}","{""way"": ""散射光"", ""freq"": [4, 6], ""unit"": ""小时/天"", ""other"": ""避免直晒""}","{""level"": ""medium"", ""sensitivity"": ""low""}",10,20,50,70,low,audited,Representative bulb species pages (RHS bulb guidance / extension references): Gladiolus × hortulanus,基线基于该属在 plants 表中的代表物种直达页面/权威园艺页面抽象；适用于 genus baseline，具体品种差异由 care_overrides 处理。,L1_representative_species_direct,representative_species_direct,,2026-03-22 00:17:20,2026-03-22 00:17:20
Goeppertia,Marantaceae,Foliage,"{""way"": ""保持微湿"", ""freq"": [4, 7], ""unit"": ""天"", ""verb"": ""浇""}","{""freq"": [30, 45], ""type"": ""稀释"", ""unit"": ""天"", ""other"": ""生长期薄肥""}","{""way"": ""明亮散射光"", ""freq"": [3, 6], ""unit"": ""小时/天"", ""other"": ""避免直晒""}","{""level"": ""medium"", ""sensitivity"": ""medium""}",18,29,60,80,medium,audited,Representative species direct pages (NC State Plant Toolbox / RHS indoor plant guidance): Goeppertia makoyana; Goeppertia orbifolia,基线基于该属在 plants 表中的代表物种直达页面/权威园艺页面抽象；适用于 genus baseline，具体品种差异由 care_overrides 处理。,L1_representative_species_direct,representative_species_direct,,2026-03-22 00:17:20,2026-03-22 00:17:20
Graptopetalum,Crassulaceae,Succulent,"{""way"": ""宁干勿湿"", ""freq"": [10, 15], ""unit"": ""天"", ""verb"": ""浇""}","{""freq"": [20, 30], ""type"": ""稀释"", ""unit"": ""天"", ""other"": """"}","{""way"": ""全日光"", ""freq"": [4, 6], ""unit"": ""小时/天"", ""other"": ""可补光""}","{""level"": ""medium"", ""sensitivity"": ""low""}",10,30,30,50,low,audited,Representative species direct pages (NC State Plant Toolbox / xeric succulent references): Graptopetalum paraguayense,基线基于该属在 plants 表中的代表物种直达页面/权威园艺页面抽象；适用于 genus baseline，具体品种差异由 care_overrides 处理。,L1_representative_species_direct,representative_species_direct,,2026-03-22 00:17:20,2026-03-22 00:17:20
Gymnocalycium,Cactaceae,Succulent,"{""way"": ""宁干勿湿"", ""freq"": [15, 20], ""unit"": ""天"", ""verb"": ""浇""}","{""freq"": [20, 30], ""type"": ""稀释"", ""unit"": ""天"", ""other"": """"}","{""way"": ""全日光"", ""freq"": [6, 8], ""unit"": ""小时/天"", ""other"": ""可补光""}","{""level"": ""medium"", ""sensitivity"": ""low""}",10,30,25,45,low,audited,NC State Plant Toolbox succulent/cactus pages + extension succulent care guidance,当前仍以类群/作物组或近缘代表资料归纳，待进一步推向 L1。,L2_derived_from_authoritative_sources,group_or_crop_derived,,2026-03-22 00:17:20,2026-03-22 00:17:20
Haworthiopsis,Asphodelaceae,Succulent,"{""way"": ""宁干勿湿"", ""freq"": [15, 20], ""unit"": ""天"", ""verb"": ""浇""}","{""freq"": [20, 30], ""type"": ""稀释"", ""unit"": ""天"", ""other"": """"}","{""way"": ""全日光"", ""freq"": [6, 8], ""unit"": ""小时/天"", ""other"": ""可补光""}","{""level"": ""medium"", ""sensitivity"": ""low""}",10,30,30,50,low,audited,Representative species direct pages (NC State Plant Toolbox / xeric succulent references): Haworthiopsis attenuata,基线基于该属在 plants 表中的代表物种直达页面/权威园艺页面抽象；适用于 genus baseline，具体品种差异由 care_overrides 处理。,L1_representative_species_direct,representative_species_direct,,2026-03-22 00:17:20,2026-03-22 00:17:20
Hedera,Araliaceae,Foliage,"{""way"": ""见干浇透"", ""freq"": [7, 10], ""unit"": ""天"", ""verb"": ""浇""}","{""freq"": [15, 20], ""type"": ""稀释"", ""unit"": ""天"", ""other"": """"}","{""way"": ""散射光"", ""freq"": [4, 6], ""unit"": ""小时/天"", ""other"": ""可耐阴""}","{""level"": ""medium"", ""sensitivity"": ""low""}",18,30,50,70,low,audited,Representative species direct pages (NC State Plant Toolbox / RHS indoor plant guidance): Hedera helix,基线基于该属在 plants 表中的代表物种直达页面/权威园艺页面抽象；适用于 genus baseline，具体品种差异由 care_overrides 处理。,L1_representative_species_direct,representative_species_direct,,2026-03-22 00:17:20,2026-03-22 00:17:20
Helianthus,Asteraceae,Flowering,"{""way"": ""见干浇透"", ""freq"": [4, 6], ""unit"": ""天"", ""verb"": ""浇""}","{""freq"": [7, 10], ""type"": ""稀释"", ""unit"": ""天"", ""other"": """"}","{""way"": ""全日光"", ""freq"": [6, 8], ""unit"": ""小时/天"", ""other"": """"}","{""level"": ""medium"", ""sensitivity"": ""low""}",15,30,50,70,low,audited,Representative species direct pages (NC State Plant Toolbox / RHS ornamental guidance): Helianthus annuus,基线基于该属在 plants 表中的代表物种直达页面/权威园艺页面抽象；适用于 genus baseline，具体品种差异由 care_overrides 处理。,L1_representative_species_direct,representative_species_direct,,2026-03-22 00:17:20,2026-03-22 00:17:20
Hibiscus,Malvaceae,Flowering,"{""way"": ""见干浇透"", ""freq"": [5, 7], ""unit"": ""天"", ""verb"": ""浇""}","{""freq"": [10, 15], ""type"": ""稀释"", ""unit"": ""天"", ""other"": """"}","{""way"": ""散射光"", ""freq"": [4, 6], ""unit"": ""小时/天"", ""other"": ""避免直晒""}","{""level"": ""medium"", ""sensitivity"": ""low""}",10,20,50,70,low,audited,Representative species direct pages (NC State Plant Toolbox / RHS ornamental guidance): Hibiscus syriacus; Hibiscus mutabilis,基线基于该属在 plants 表中的代表物种直达页面/权威园艺页面抽象；适用于 genus baseline，具体品种差异由 care_overrides 处理。,L1_representative_species_direct,representative_species_direct,,2026-03-22 00:17:20,2026-03-22 00:17:20
Hippeastrum,Amaryllidaceae,Bulb Flower,"{""way"": ""见干浇透"", ""freq"": [5, 7], ""unit"": ""天"", ""verb"": ""浇""}","{""freq"": [10, 15], ""type"": ""稀释"", ""unit"": ""天"", ""other"": """"}","{""way"": ""散射光"", ""freq"": [4, 6], ""unit"": ""小时/天"", ""other"": ""避免直晒""}","{""level"": ""medium"", ""sensitivity"": ""low""}",10,20,50,70,low,audited,RHS ornamental flower/shrub guides + extension ornamental references,当前仍以类群/作物组或近缘代表资料归纳，待进一步推向 L1。,L2_derived_from_authoritative_sources,group_or_crop_derived,,2026-03-22 00:17:20,2026-03-22 00:17:20
Hoya,Apocynaceae,Flowering,"{""way"": ""见干浇透"", ""freq"": [4, 6], ""unit"": ""天"", ""verb"": ""浇""}","{""freq"": [7, 10], ""type"": ""稀释"", ""unit"": ""天"", ""other"": """"}","{""way"": ""散射光"", ""freq"": [4, 6], ""unit"": ""小时/天"", ""other"": ""避免直晒""}","{""level"": ""medium"", ""sensitivity"": ""low""}",18,28,60,80,low,audited,Representative species direct pages (NC State Plant Toolbox / RHS ornamental guidance): Hoya carnosa,基线基于该属在 plants 表中的代表物种直达页面/权威园艺页面抽象；适用于 genus baseline，具体品种差异由 care_overrides 处理。,L1_representative_species_direct,representative_species_direct,,2026-03-22 00:17:20,2026-03-22 00:17:20
Hyacinthus,Asparagaceae,Bulb Flower,"{""way"": ""见干浇透"", ""freq"": [5, 7], ""unit"": ""天"", ""verb"": ""浇""}","{""freq"": [10, 15], ""type"": ""稀释"", ""unit"": ""天"", ""other"": """"}","{""way"": ""散射光"", ""freq"": [4, 6], ""unit"": ""小时/天"", ""other"": ""避免直晒""}","{""level"": ""medium"", ""sensitivity"": ""low""}",10,20,50,70,low,audited,RHS ornamental flower/shrub guides + extension ornamental references,当前仍以类群/作物组或近缘代表资料归纳，待进一步推向 L1。,L2_derived_from_authoritative_sources,group_or_crop_derived,,2026-03-22 00:17:20,2026-03-22 00:17:20
Hydrangea,Hydrangeaceae,Flowering,"{""way"": ""见干浇透"", ""freq"": [5, 7], ""unit"": ""天"", ""verb"": ""浇""}","{""freq"": [10, 15], ""type"": ""稀释"", ""unit"": ""天"", ""other"": """"}","{""way"": ""散射光"", ""freq"": [4, 6], ""unit"": ""小时/天"", ""other"": ""避免直晒""}","{""level"": ""medium"", ""sensitivity"": ""low""}",10,20,50,70,low,audited,Representative species direct pages (NC State Plant Toolbox / RHS ornamental guidance): Hydrangea macrophylla,基线基于该属在 plants 表中的代表物种直达页面/权威园艺页面抽象；适用于 genus baseline，具体品种差异由 care_overrides 处理。,L1_representative_species_direct,representative_species_direct,,2026-03-22 00:17:20,2026-03-22 00:17:20
Hydrocotyle,Araliaceae,Aquatic,"{""way"": ""保持水位"", ""freq"": [3, 5], ""unit"": ""天"", ""verb"": ""换水""}","{""freq"": [7, 10], ""type"": ""稀释"", ""unit"": ""天"", ""other"": """"}","{""way"": ""全日光"", ""freq"": [6, 8], ""unit"": ""小时/天"", ""other"": """"}","{""level"": ""medium"", ""sensitivity"": ""low""}",18,30,60,90,low,audited,NC State Plant Toolbox houseplant pages + RHS indoor palms/houseplant guidance,当前仍以类群/作物组或近缘代表资料归纳，待进一步推向 L1。,L2_derived_from_authoritative_sources,group_or_crop_derived,,2026-03-22 00:17:20,2026-03-22 00:17:20
Ipomoea,Convolvulaceae,Flowering,"{""way"": ""见干浇透"", ""freq"": [5, 7], ""unit"": ""天"", ""verb"": ""浇""}","{""freq"": [10, 15], ""type"": ""稀释"", ""unit"": ""天"", ""other"": """"}","{""way"": ""散射光"", ""freq"": [4, 6], ""unit"": ""小时/天"", ""other"": ""避免直晒""}","{""level"": ""medium"", ""sensitivity"": ""low""}",10,20,50,70,low,audited,Representative species direct pages (NC State Plant Toolbox / RHS ornamental guidance): Ipomoea nil; Ipomoea quamoclit,基线基于该属在 plants 表中的代表物种直达页面/权威园艺页面抽象；适用于 genus baseline，具体品种差异由 care_overrides 处理。,L1_representative_species_direct,representative_species_direct,,2026-03-22 00:17:20,2026-03-22 00:17:20
Iris,Iridaceae,Flowering,"{""way"": ""见干浇透"", ""freq"": [4, 6], ""unit"": ""天"", ""verb"": ""浇""}","{""freq"": [7, 10], ""type"": ""稀释"", ""unit"": ""天"", ""other"": """"}","{""way"": ""全日光"", ""freq"": [6, 8], ""unit"": ""小时/天"", ""other"": """"}","{""level"": ""medium"", ""sensitivity"": ""low""}",15,30,50,70,low,audited,Representative species direct pages (NC State Plant Toolbox / RHS ornamental guidance): Iris germanica,基线基于该属在 plants 表中的代表物种直达页面/权威园艺页面抽象；适用于 genus baseline，具体品种差异由 care_overrides 处理。,L1_representative_species_direct,representative_species_direct,,2026-03-22 00:17:20,2026-03-22 00:17:20
Jasminum,Oleaceae,Flowering,"{""way"": ""见干浇透"", ""freq"": [4, 6], ""unit"": ""天"", ""verb"": ""浇""}","{""freq"": [7, 10], ""type"": ""稀释"", ""unit"": ""天"", ""other"": """"}","{""way"": ""全日光"", ""freq"": [6, 8], ""unit"": ""小时/天"", ""other"": """"}","{""level"": ""medium"", ""sensitivity"": ""low""}",15,30,50,70,low,audited,Representative species direct pages (NC State Plant Toolbox / RHS ornamental guidance): Jasminum sambac,基线基于该属在 plants 表中的代表物种直达页面/权威园艺页面抽象；适用于 genus baseline，具体品种差异由 care_overrides 处理。,L1_representative_species_direct,representative_species_direct,,2026-03-22 00:17:20,2026-03-22 00:17:20
Kalanchoe,Crassulaceae,Flowering,"{""way"": ""见干浇透"", ""freq"": [5, 7], ""unit"": ""天"", ""verb"": ""浇""}","{""freq"": [10, 15], ""type"": ""稀释"", ""unit"": ""天"", ""other"": """"}","{""way"": ""散射光"", ""freq"": [4, 6], ""unit"": ""小时/天"", ""other"": ""避免直晒""}","{""level"": ""medium"", ""sensitivity"": ""low""}",10,20,50,70,low,audited,Representative species direct pages (NC State Plant Toolbox / RHS ornamental guidance): Kalanchoe blossfeldiana; Kalanchoe daigremontiana,基线基于该属在 plants 表中的代表物种直达页面/权威园艺页面抽象；适用于 genus baseline，具体品种差异由 care_overrides 处理。,L1_representative_species_direct,representative_species_direct,,2026-03-22 00:17:20,2026-03-22 00:17:20
Lactuca,Asteraceae,Vegetable,"{""way"": ""见干浇透"", ""freq"": [4, 6], ""unit"": ""天"", ""verb"": ""浇""}","{""freq"": [7, 10], ""type"": ""稀释"", ""unit"": ""天"", ""other"": """"}","{""way"": ""散射光"", ""freq"": [4, 6], ""unit"": ""小时/天"", ""other"": ""可补光""}","{""level"": ""medium"", ""sensitivity"": ""low""}",15,25,60,80,low,audited,Representative crop/species pages (RHS Grow Your Own / Extension crop guidance): Lactuca sativa; Lactuca sativa var. longifolia,基线基于该属在 plants 表中的代表物种直达页面/权威园艺页面抽象；适用于 genus baseline，具体品种差异由 care_overrides 处理。,L1_representative_species_direct,representative_species_direct,,2026-03-22 00:17:20,2026-03-22 00:17:20
Lagerstroemia,Lythraceae,Flowering,"{""way"": ""见干浇透"", ""freq"": [5, 7], ""unit"": ""天"", ""verb"": ""浇""}","{""freq"": [10, 15], ""type"": ""稀释"", ""unit"": ""天"", ""other"": """"}","{""way"": ""散射光"", ""freq"": [4, 6], ""unit"": ""小时/天"", ""other"": ""避免直晒""}","{""level"": ""medium"", ""sensitivity"": ""low""}",10,20,50,70,low,audited,Representative species direct pages (NC State Plant Toolbox / RHS ornamental guidance): Lagerstroemia indica,基线基于该属在 plants 表中的代表物种直达页面/权威园艺页面抽象；适用于 genus baseline，具体品种差异由 care_overrides 处理。,L1_representative_species_direct,representative_species_direct,,2026-03-22 00:17:20,2026-03-22 00:17:20
Lilium,Liliaceae,Flowering,"{""way"": ""见干浇透"", ""freq"": [5, 7], ""unit"": ""天"", ""verb"": ""浇""}","{""freq"": [10, 15], ""type"": ""稀释"", ""unit"": ""天"", ""other"": """"}","{""way"": ""散射光"", ""freq"": [4, 6], ""unit"": ""小时/天"", ""other"": ""避免直晒""}","{""level"": ""medium"", ""sensitivity"": ""low""}",10,20,50,70,low,audited,RHS ornamental flower/shrub guides + extension ornamental references,当前仍以类群/作物组或近缘代表资料归纳，待进一步推向 L1。,L2_derived_from_authoritative_sources,group_or_crop_derived,,2026-03-22 00:17:20,2026-03-22 00:17:20
Lithops,Aizoaceae,Succulent,"{""way"": ""宁干勿湿"", ""freq"": [10, 15], ""unit"": ""天"", ""verb"": ""浇""}","{""freq"": [20, 30], ""type"": ""稀释"", ""unit"": ""天"", ""other"": """"}","{""way"": ""全日光"", ""freq"": [4, 6], ""unit"": ""小时/天"", ""other"": ""可补光""}","{""level"": ""medium"", ""sensitivity"": ""low""}",10,30,30,50,low,audited,NC State Plant Toolbox succulent/cactus pages + extension succulent care guidance,当前仍以类群/作物组或近缘代表资料归纳，待进一步推向 L1。,L2_derived_from_authoritative_sources,group_or_crop_derived,,2026-03-22 00:13:11,2026-03-22 00:13:11
Lonicera,Caprifoliaceae,Flowering,"{""way"": ""见干浇透"", ""freq"": [4, 6], ""unit"": ""天"", ""verb"": ""浇""}","{""freq"": [7, 10], ""type"": ""稀释"", ""unit"": ""天"", ""other"": """"}","{""way"": ""全日光"", ""freq"": [6, 8], ""unit"": ""小时/天"", ""other"": """"}","{""level"": ""medium"", ""sensitivity"": ""low""}",15,30,50,70,low,audited,Representative species direct pages (NC State Plant Toolbox / RHS ornamental guidance): Lonicera japonica,基线基于该属在 plants 表中的代表物种直达页面/权威园艺页面抽象；适用于 genus baseline，具体品种差异由 care_overrides 处理。,L1_representative_species_direct,representative_species_direct,,2026-03-22 00:13:11,2026-03-22 00:13:11
Luffa,Cucurbitaceae,Vegetable,"{""way"": ""见干浇透"", ""freq"": [4, 6], ""unit"": ""天"", ""verb"": ""浇""}","{""freq"": [10, 15], ""type"": ""稀释"", ""unit"": ""天"", ""other"": """"}","{""way"": ""全日光"", ""freq"": [6, 8], ""unit"": ""小时/天"", ""other"": ""可补光""}","{""level"": ""medium"", ""sensitivity"": ""low""}",18,28,50,70,low,audited,Representative crop/species pages (RHS Grow Your Own / Extension crop guidance): Luffa aegyptiaca,基线基于该属在 plants 表中的代表物种直达页面/权威园艺页面抽象；适用于 genus baseline，具体品种差异由 care_overrides 处理。,L1_representative_species_direct,representative_species_direct,,2026-03-22 00:13:11,2026-03-22 00:13:11
Mammillaria,Cactaceae,Succulent,"{""way"": ""宁干勿湿"", ""freq"": [15, 20], ""unit"": ""天"", ""verb"": ""浇""}","{""freq"": [20, 30], ""type"": ""稀释"", ""unit"": ""天"", ""other"": """"}","{""way"": ""全日光"", ""freq"": [6, 8], ""unit"": ""小时/天"", ""other"": ""可补光""}","{""level"": ""medium"", ""sensitivity"": ""low""}",10,30,25,45,low,audited,NC State Plant Toolbox succulent/cactus pages + extension succulent care guidance,当前仍以类群/作物组或近缘代表资料归纳，待进一步推向 L1。,L2_derived_from_authoritative_sources,group_or_crop_derived,,2026-03-22 00:13:11,2026-03-22 00:13:11
Maranta,Marantaceae,Foliage,"{""way"": ""见干浇透"", ""freq"": [7, 10], ""unit"": ""天"", ""verb"": ""浇""}","{""freq"": [10, 15], ""type"": ""稀释"", ""unit"": ""天"", ""other"": """"}","{""way"": ""散射光"", ""freq"": [4, 6], ""unit"": ""小时/天"", ""other"": ""避免直晒""}","{""level"": ""medium"", ""sensitivity"": ""low""}",18,28,60,80,medium,audited,Representative species direct pages (NC State Plant Toolbox / RHS indoor plant guidance): Maranta leuconeura,基线基于该属在 plants 表中的代表物种直达页面/权威园艺页面抽象；适用于 genus baseline，具体品种差异由 care_overrides 处理。,L1_representative_species_direct,representative_species_direct,,2026-03-22 00:13:11,2026-03-22 00:13:11
Matthiola,Brassicaceae,Flowering,"{""way"": ""见干浇透"", ""freq"": [4, 6], ""unit"": ""天"", ""verb"": ""浇""}","{""freq"": [7, 10], ""type"": ""稀释"", ""unit"": ""天"", ""other"": """"}","{""way"": ""全日光"", ""freq"": [6, 8], ""unit"": ""小时/天"", ""other"": """"}","{""level"": ""medium"", ""sensitivity"": ""low""}",15,30,50,70,low,audited,Representative species direct pages (NC State Plant Toolbox / RHS ornamental guidance): Matthiola incana,基线基于该属在 plants 表中的代表物种直达页面/权威园艺页面抽象；适用于 genus baseline，具体品种差异由 care_overrides 处理。,L1_representative_species_direct,representative_species_direct,,2026-03-22 00:13:11,2026-03-22 00:13:11
Melissa,Lamiaceae,Herb,"{""way"": ""见干浇透"", ""freq"": [4, 6], ""unit"": ""天"", ""verb"": ""浇""}","{""freq"": [10, 15], ""type"": ""稀释"", ""unit"": ""天"", ""other"": """"}","{""way"": ""全日光"", ""freq"": [6, 8], ""unit"": ""小时/天"", ""other"": ""避免直晒""}","{""level"": ""medium"", ""sensitivity"": ""low""}",18,28,50,70,low,audited,Representative herb/species pages (RHS herb guidance / Extension): Melissa officinalis,基线基于该属在 plants 表中的代表物种直达页面/权威园艺页面抽象；适用于 genus baseline，具体品种差异由 care_overrides 处理。,L1_representative_species_direct,representative_species_direct,,2026-03-22 00:13:11,2026-03-22 00:13:11
Mentha,Lamiaceae,Herb,"{""way"": ""见干浇透"", ""freq"": [4, 6], ""unit"": ""天"", ""verb"": ""浇""}","{""freq"": [10, 15], ""type"": ""稀释"", ""unit"": ""天"", ""other"": """"}","{""way"": ""全日光"", ""freq"": [6, 8], ""unit"": ""小时/天"", ""other"": ""避免直晒""}","{""level"": ""medium"", ""sensitivity"": ""low""}",18,28,50,70,low,audited,Representative herb/species pages (RHS herb guidance / Extension): Mentha canadensis,基线基于该属在 plants 表中的代表物种直达页面/权威园艺页面抽象；适用于 genus baseline，具体品种差异由 care_overrides 处理。,L1_representative_species_direct,representative_species_direct,,2026-03-22 00:13:11,2026-03-22 00:13:11
Momordica,Cucurbitaceae,Vegetable,"{""way"": ""见干浇透"", ""freq"": [4, 6], ""unit"": ""天"", ""verb"": ""浇""}","{""freq"": [10, 15], ""type"": ""稀释"", ""unit"": ""天"", ""other"": """"}","{""way"": ""全日光"", ""freq"": [6, 8], ""unit"": ""小时/天"", ""other"": ""可补光""}","{""level"": ""medium"", ""sensitivity"": ""low""}",18,28,50,70,low,audited,Representative crop/species pages (RHS Grow Your Own / Extension crop guidance): Momordica charantia,基线基于该属在 plants 表中的代表物种直达页面/权威园艺页面抽象；适用于 genus baseline，具体品种差异由 care_overrides 处理。,L1_representative_species_direct,representative_species_direct,,2026-03-22 00:13:11,2026-03-22 00:13:11
Monstera,Araceae,Foliage,"{""way"": ""见干浇透"", ""freq"": [5, 10], ""unit"": ""天"", ""verb"": ""浇""}","{""freq"": [30, 45], ""type"": ""稀释"", ""unit"": ""天"", ""other"": ""生长期为主""}","{""way"": ""明亮散射光"", ""freq"": [4, 8], ""unit"": ""小时/天"", ""other"": ""避免直晒，斑叶型需更亮""}","{""level"": ""medium"", ""sensitivity"": ""medium""}",15,30,50,90,medium,audited,Representative species direct pages (NC State Plant Toolbox / RHS indoor plant guidance): Monstera deliciosa,基线基于该属在 plants 表中的代表物种直达页面/权威园艺页面抽象；适用于 genus baseline，具体品种差异由 care_overrides 处理。,L1_representative_species_direct,representative_species_direct,,2026-03-22 00:13:11,2026-03-22 00:13:11
Narcissus,Amaryllidaceae,Bulb Flower,"{""way"": ""见干浇透"", ""freq"": [5, 7], ""unit"": ""天"", ""verb"": ""浇""}","{""freq"": [10, 15], ""type"": ""稀释"", ""unit"": ""天"", ""other"": """"}","{""way"": ""散射光"", ""freq"": [4, 6], ""unit"": ""小时/天"", ""other"": ""避免直晒""}","{""level"": ""medium"", ""sensitivity"": ""low""}",10,20,50,70,low,audited,RHS ornamental flower/shrub guides + extension ornamental references,当前仍以类群/作物组或近缘代表资料归纳，待进一步推向 L1。,L2_derived_from_authoritative_sources,group_or_crop_derived,,2026-03-22 00:13:11,2026-03-22 00:13:11
Nelumbo,Nelumbonaceae,Aquatic,"{""way"": ""保持水位"", ""freq"": [3, 5], ""unit"": ""天"", ""verb"": ""换水""}","{""freq"": [7, 10], ""type"": ""稀释"", ""unit"": ""天"", ""other"": """"}","{""way"": ""全日光"", ""freq"": [6, 8], ""unit"": ""小时/天"", ""other"": """"}","{""level"": ""medium"", ""sensitivity"": ""low""}",18,30,60,90,low,audited,RHS pond/marginal plant guidance + aquatic plant extension references,当前仍以类群/作物组或近缘代表资料归纳，待进一步推向 L1。,L2_derived_from_authoritative_sources,group_or_crop_derived,,2026-03-22 00:13:11,2026-03-22 00:13:11
Nephrolepis,Nephrolepidaceae,Foliage,"{""way"": ""见干浇透"", ""freq"": [7, 10], ""unit"": ""天"", ""verb"": ""浇""}","{""freq"": [10, 15], ""type"": ""稀释"", ""unit"": ""天"", ""other"": """"}","{""way"": ""散射光"", ""freq"": [4, 6], ""unit"": ""小时/天"", ""other"": ""避免直晒""}","{""level"": ""medium"", ""sensitivity"": ""low""}",18,28,60,80,low,audited,Representative species direct pages (NC State Plant Toolbox / RHS indoor plant guidance): Nephrolepis exaltata,基线基于该属在 plants 表中的代表物种直达页面/权威园艺页面抽象；适用于 genus baseline，具体品种差异由 care_overrides 处理。,L1_representative_species_direct,representative_species_direct,,2026-03-22 00:13:11,2026-03-22 00:13:11
Nerium,Apocynaceae,Flowering,"{""way"": ""见干浇透"", ""freq"": [4, 6], ""unit"": ""天"", ""verb"": ""浇""}","{""freq"": [7, 10], ""type"": ""稀释"", ""unit"": ""天"", ""other"": """"}","{""way"": ""散射光"", ""freq"": [4, 6], ""unit"": ""小时/天"", ""other"": ""避免直晒""}","{""level"": ""medium"", ""sensitivity"": ""low""}",18,28,60,80,low,audited,Representative species direct pages (NC State Plant Toolbox / RHS ornamental guidance): Nerium oleander,基线基于该属在 plants 表中的代表物种直达页面/权威园艺页面抽象；适用于 genus baseline，具体品种差异由 care_overrides 处理。,L1_representative_species_direct,representative_species_direct,,2026-03-22 00:13:11,2026-03-22 00:13:11
Nymphaea,Nymphaeaceae,Aquatic,"{""way"": ""保持水位"", ""freq"": [3, 5], ""unit"": ""天"", ""verb"": ""换水""}","{""freq"": [7, 10], ""type"": ""稀释"", ""unit"": ""天"", ""other"": """"}","{""way"": ""全日光"", ""freq"": [6, 8], ""unit"": ""小时/天"", ""other"": """"}","{""level"": ""medium"", ""sensitivity"": ""low""}",18,30,60,90,low,audited,RHS pond/marginal plant guidance + aquatic plant extension references,当前仍以类群/作物组或近缘代表资料归纳，待进一步推向 L1。,L2_derived_from_authoritative_sources,group_or_crop_derived,,2026-03-22 00:13:11,2026-03-22 00:13:11
Ocimum,Lamiaceae,Herb,"{""way"": ""见干浇透"", ""freq"": [4, 6], ""unit"": ""天"", ""verb"": ""浇""}","{""freq"": [10, 15], ""type"": ""稀释"", ""unit"": ""天"", ""other"": """"}","{""way"": ""全日光"", ""freq"": [6, 8], ""unit"": ""小时/天"", ""other"": ""避免直晒""}","{""level"": ""medium"", ""sensitivity"": ""low""}",18,28,50,70,low,audited,Representative herb/species pages (RHS herb guidance / Extension): Ocimum basilicum,基线基于该属在 plants 表中的代表物种直达页面/权威园艺页面抽象；适用于 genus baseline，具体品种差异由 care_overrides 处理。,L1_representative_species_direct,representative_species_direct,,2026-03-22 00:13:11,2026-03-22 00:13:11
Origanum,Lamiaceae,Herb,"{""way"": ""见干浇透"", ""freq"": [4, 6], ""unit"": ""天"", ""verb"": ""浇""}","{""freq"": [10, 15], ""type"": ""稀释"", ""unit"": ""天"", ""other"": """"}","{""way"": ""全日光"", ""freq"": [6, 8], ""unit"": ""小时/天"", ""other"": ""避免直晒""}","{""level"": ""medium"", ""sensitivity"": ""low""}",18,28,50,70,low,audited,Representative herb/species pages (RHS herb guidance / Extension): Origanum vulgare,基线基于该属在 plants 表中的代表物种直达页面/权威园艺页面抽象；适用于 genus baseline，具体品种差异由 care_overrides 处理。,L1_representative_species_direct,representative_species_direct,,2026-03-22 00:13:11,2026-03-22 00:13:11
Orostachys,Crassulaceae,Succulent,"{""way"": ""宁干勿湿"", ""freq"": [10, 15], ""unit"": ""天"", ""verb"": ""浇""}","{""freq"": [20, 30], ""type"": ""稀释"", ""unit"": ""天"", ""other"": """"}","{""way"": ""全日光"", ""freq"": [4, 6], ""unit"": ""小时/天"", ""other"": ""可补光""}","{""level"": ""medium"", ""sensitivity"": ""low""}",10,30,30,50,low,audited,NC State Plant Toolbox succulent/cactus pages + extension succulent care guidance,当前仍以类群/作物组或近缘代表资料归纳，待进一步推向 L1。,L2_derived_from_authoritative_sources,group_or_crop_derived,,2026-03-22 00:13:11,2026-03-22 00:13:11
Oscularia,Aizoaceae,Succulent,"{""way"": ""宁干勿湿"", ""freq"": [10, 15], ""unit"": ""天"", ""verb"": ""浇""}","{""freq"": [20, 30], ""type"": ""稀释"", ""unit"": ""天"", ""other"": """"}","{""way"": ""全日光"", ""freq"": [4, 6], ""unit"": ""小时/天"", ""other"": ""可补光""}","{""level"": ""medium"", ""sensitivity"": ""low""}",10,30,30,50,low,audited,NC State Plant Toolbox succulent/cactus pages + extension succulent care guidance,当前仍以类群/作物组或近缘代表资料归纳，待进一步推向 L1。,L2_derived_from_authoritative_sources,group_or_crop_derived,,2026-03-22 00:13:11,2026-03-22 00:13:11
Osmanthus,Oleaceae,Flowering,"{""way"": ""见干浇透"", ""freq"": [4, 6], ""unit"": ""天"", ""verb"": ""浇""}","{""freq"": [7, 10], ""type"": ""稀释"", ""unit"": ""天"", ""other"": """"}","{""way"": ""全日光"", ""freq"": [6, 8], ""unit"": ""小时/天"", ""other"": """"}","{""level"": ""medium"", ""sensitivity"": ""low""}",15,30,50,70,low,audited,Representative species direct pages (NC State Plant Toolbox / RHS ornamental guidance): Osmanthus fragrans,基线基于该属在 plants 表中的代表物种直达页面/权威园艺页面抽象；适用于 genus baseline，具体品种差异由 care_overrides 处理。,L1_representative_species_direct,representative_species_direct,,2026-03-22 00:13:11,2026-03-22 00:13:11
Pachira,Malvaceae,Foliage,"{""way"": ""见干浇透"", ""freq"": [5, 7], ""unit"": ""天"", ""verb"": ""浇""}","{""freq"": [10, 15], ""type"": ""稀释"", ""unit"": ""天"", ""other"": """"}","{""way"": ""散射光"", ""freq"": [4, 6], ""unit"": ""小时/天"", ""other"": ""避免直晒""}","{""level"": ""medium"", ""sensitivity"": ""low""}",15,30,50,70,low,audited,Representative species direct pages (NC State Plant Toolbox / RHS indoor plant guidance): Pachira aquatica,基线基于该属在 plants 表中的代表物种直达页面/权威园艺页面抽象；适用于 genus baseline，具体品种差异由 care_overrides 处理。,L1_representative_species_direct,representative_species_direct,,2026-03-22 00:13:11,2026-03-22 00:13:11
Pachyphytum,Crassulaceae,Succulent,"{""way"": ""宁干勿湿"", ""freq"": [10, 15], ""unit"": ""天"", ""verb"": ""浇""}","{""freq"": [20, 30], ""type"": ""稀释"", ""unit"": ""天"", ""other"": """"}","{""way"": ""全日光"", ""freq"": [4, 6], ""unit"": ""小时/天"", ""other"": ""可补光""}","{""level"": ""medium"", ""sensitivity"": ""low""}",10,30,30,50,low,audited,Representative species direct pages (NC State Plant Toolbox / xeric succulent references): Pachyphytum oviferum,基线基于该属在 plants 表中的代表物种直达页面/权威园艺页面抽象；适用于 genus baseline，具体品种差异由 care_overrides 处理。,L1_representative_species_direct,representative_species_direct,,2026-03-22 00:13:11,2026-03-22 00:13:11
Pelargonium,Geraniaceae,Flowering,"{""way"": ""见干浇透"", ""freq"": [4, 6], ""unit"": ""天"", ""verb"": ""浇""}","{""freq"": [7, 10], ""type"": ""稀释"", ""unit"": ""天"", ""other"": """"}","{""way"": ""全日光"", ""freq"": [6, 8], ""unit"": ""小时/天"", ""other"": """"}","{""level"": ""medium"", ""sensitivity"": ""low""}",15,30,50,70,low,audited,Representative species direct pages (NC State Plant Toolbox / RHS ornamental guidance): Pelargonium × hortorum,基线基于该属在 plants 表中的代表物种直达页面/权威园艺页面抽象；适用于 genus baseline，具体品种差异由 care_overrides 处理。,L1_representative_species_direct,representative_species_direct,,2026-03-22 00:13:11,2026-03-22 00:13:11
Peperomia,Piperaceae,Foliage,"{""way"": ""偏干再浇"", ""freq"": [7, 12]}","{""freq"": [10, 15], ""type"": ""稀释"", ""unit"": ""天"", ""other"": """"}","{""way"": ""明亮散射光""}","{""level"": ""medium""}",15,30,40,70,low,audited,Representative species direct pages (NC State Plant Toolbox / RHS indoor plant guidance): Peperomia obtusifolia; Peperomia argyreia,基线基于该属在 plants 表中的代表物种直达页面/权威园艺页面抽象；适用于 genus baseline，具体品种差异由 care_overrides 处理。,L1_representative_species_direct,representative_species_direct,,2026-03-22 00:13:11,2026-03-22 00:13:11
Perilla,Lamiaceae,Herb,"{""way"": ""见干浇透"", ""freq"": [4, 6], ""unit"": ""天"", ""verb"": ""浇""}","{""freq"": [10, 15], ""type"": ""稀释"", ""unit"": ""天"", ""other"": """"}","{""way"": ""全日光"", ""freq"": [6, 8], ""unit"": ""小时/天"", ""other"": ""避免直晒""}","{""level"": ""medium"", ""sensitivity"": ""low""}",18,28,50,70,low,audited,Representative herb/species pages (RHS herb guidance / Extension): Perilla frutescens,基线基于该属在 plants 表中的代表物种直达页面/权威园艺页面抽象；适用于 genus baseline，具体品种差异由 care_overrides 处理。,L1_representative_species_direct,representative_species_direct,,2026-03-22 00:13:11,2026-03-22 00:13:11
Petroselinum,Apiaceae,Herb,"{""way"": ""见干浇透"", ""freq"": [4, 6], ""unit"": ""天"", ""verb"": ""浇""}","{""freq"": [10, 15], ""type"": ""稀释"", ""unit"": ""天"", ""other"": """"}","{""way"": ""全日光"", ""freq"": [6, 8], ""unit"": ""小时/天"", ""other"": ""避免直晒""}","{""level"": ""medium"", ""sensitivity"": ""low""}",18,28,50,70,low,audited,Representative herb/species pages (RHS herb guidance / Extension): Petroselinum crispum,基线基于该属在 plants 表中的代表物种直达页面/权威园艺页面抽象；适用于 genus baseline，具体品种差异由 care_overrides 处理。,L1_representative_species_direct,representative_species_direct,,2026-03-22 00:13:11,2026-03-22 00:13:11
Petunia,Solanaceae,Flowering,"{""way"": ""见干浇透"", ""freq"": [4, 6], ""unit"": ""天"", ""verb"": ""浇""}","{""freq"": [7, 10], ""type"": ""稀释"", ""unit"": ""天"", ""other"": """"}","{""way"": ""全日光"", ""freq"": [6, 8], ""unit"": ""小时/天"", ""other"": """"}","{""level"": ""medium"", ""sensitivity"": ""low""}",15,30,50,70,low,audited,Representative species direct pages (NC State Plant Toolbox / RHS ornamental guidance): Petunia × atkinsiana,基线基于该属在 plants 表中的代表物种直达页面/权威园艺页面抽象；适用于 genus baseline，具体品种差异由 care_overrides 处理。,L1_representative_species_direct,representative_species_direct,,2026-03-22 00:13:11,2026-03-22 00:13:11
Phalaenopsis,Orchidaceae,Flowering,"{""way"": ""见干浇透"", ""freq"": [5, 7], ""unit"": ""天"", ""verb"": ""浇""}","{""freq"": [10, 15], ""type"": ""稀释"", ""unit"": ""天"", ""other"": """"}","{""way"": ""散射光"", ""freq"": [4, 6], ""unit"": ""小时/天"", ""other"": ""避免直晒""}","{""level"": ""medium"", ""sensitivity"": ""low""}",10,20,50,70,low,audited,Representative species direct pages (NC State Plant Toolbox / RHS ornamental guidance): Phalaenopsis spp.,基线基于该属在 plants 表中的代表物种直达页面/权威园艺页面抽象；适用于 genus baseline，具体品种差异由 care_overrides 处理。,L1_representative_species_direct,representative_species_direct,,2026-03-22 00:13:11,2026-03-22 00:13:11
Phaseolus,Fabaceae,Vegetable,"{""way"": ""见干浇透"", ""freq"": [4, 6], ""unit"": ""天"", ""verb"": ""浇""}","{""freq"": [10, 15], ""type"": ""稀释"", ""unit"": ""天"", ""other"": """"}","{""way"": ""全日光"", ""freq"": [6, 8], ""unit"": ""小时/天"", ""other"": ""可补光""}","{""level"": ""medium"", ""sensitivity"": ""low""}",18,28,50,70,low,audited,Representative crop/species pages (RHS Grow Your Own / Extension crop guidance): Phaseolus vulgaris,基线基于该属在 plants 表中的代表物种直达页面/权威园艺页面抽象；适用于 genus baseline，具体品种差异由 care_overrides 处理。,L1_representative_species_direct,representative_species_direct,,2026-03-22 00:13:11,2026-03-22 00:13:11
Philodendron,Araceae,Foliage,"{""way"": ""见干浇透"", ""freq"": [5, 10]}","{""freq"": [10, 15], ""type"": ""稀释"", ""unit"": ""天"", ""other"": """"}","{""way"": ""明亮散射光""}","{""level"": ""medium""}",15,30,50,90,medium,audited,Representative species direct pages (NC State Plant Toolbox / RHS indoor plant guidance): Philodendron hederaceum; Philodendron erubescens,基线基于该属在 plants 表中的代表物种直达页面/权威园艺页面抽象；适用于 genus baseline，具体品种差异由 care_overrides 处理。,L1_representative_species_direct,representative_species_direct,,2026-03-22 00:13:11,2026-03-22 00:13:11
Pilea,Urticaceae,Foliage,"{""way"": ""微干再浇"", ""freq"": [5, 8]}","{""freq"": [10, 15], ""type"": ""稀释"", ""unit"": ""天"", ""other"": """"}","{""way"": ""明亮散射光""}","{""level"": ""medium""}",13,30,40,70,low,audited,Representative species direct pages (NC State Plant Toolbox / RHS indoor plant guidance): Pilea cadierei; Pilea peperomioides,基线基于该属在 plants 表中的代表物种直达页面/权威园艺页面抽象；适用于 genus baseline，具体品种差异由 care_overrides 处理。,L1_representative_species_direct,representative_species_direct,,2026-03-22 00:13:11,2026-03-22 00:13:11
Pisum,Fabaceae,Vegetable,"{""way"": ""见干浇透"", ""freq"": [4, 6], ""unit"": ""天"", ""verb"": ""浇""}","{""freq"": [10, 15], ""type"": ""稀释"", ""unit"": ""天"", ""other"": """"}","{""way"": ""全日光"", ""freq"": [6, 8], ""unit"": ""小时/天"", ""other"": ""可补光""}","{""level"": ""medium"", ""sensitivity"": ""low""}",18,28,50,70,low,audited,Representative crop/species pages (RHS Grow Your Own / Extension crop guidance): Pisum sativum,基线基于该属在 plants 表中的代表物种直达页面/权威园艺页面抽象；适用于 genus baseline，具体品种差异由 care_overrides 处理。,L1_representative_species_direct,representative_species_direct,,2026-03-22 00:13:11,2026-03-22 00:13:11
Platycerium,Polypodiaceae,Foliage,"{""way"": ""见干浇透"", ""freq"": [7, 10], ""unit"": ""天"", ""verb"": ""浇""}","{""freq"": [10, 15], ""type"": ""稀释"", ""unit"": ""天"", ""other"": """"}","{""way"": ""散射光"", ""freq"": [4, 6], ""unit"": ""小时/天"", ""other"": ""避免直晒""}","{""level"": ""medium"", ""sensitivity"": ""low""}",18,28,60,80,low,audited,Representative species direct pages (NC State Plant Toolbox / RHS indoor plant guidance): Platycerium bifurcatum,基线基于该属在 plants 表中的代表物种直达页面/权威园艺页面抽象；适用于 genus baseline，具体品种差异由 care_overrides 处理。,L1_representative_species_direct,representative_species_direct,,2026-03-22 00:13:11,2026-03-22 00:13:11
Plectranthus,Lamiaceae,Herb,"{""way"": ""见干浇透"", ""freq"": [4, 6], ""unit"": ""天"", ""verb"": ""浇""}","{""freq"": [10, 15], ""type"": ""稀释"", ""unit"": ""天"", ""other"": """"}","{""way"": ""全日光"", ""freq"": [6, 8], ""unit"": ""小时/天"", ""other"": ""避免直晒""}","{""level"": ""medium"", ""sensitivity"": ""low""}",18,28,50,70,low,audited,Representative herb/species pages (RHS herb guidance / Extension): Plectranthus amboinicus,基线基于该属在 plants 表中的代表物种直达页面/权威园艺页面抽象；适用于 genus baseline，具体品种差异由 care_overrides 处理。,L1_representative_species_direct,representative_species_direct,,2026-03-22 00:13:11,2026-03-22 00:13:11
Plumbago,Plumbaginaceae,Flowering,"{""way"": ""见干浇透"", ""freq"": [4, 6], ""unit"": ""天"", ""verb"": ""浇""}","{""freq"": [7, 10], ""type"": ""稀释"", ""unit"": ""天"", ""other"": """"}","{""way"": ""散射光"", ""freq"": [4, 6], ""unit"": ""小时/天"", ""other"": ""避免直晒""}","{""level"": ""medium"", ""sensitivity"": ""low""}",18,28,60,80,low,audited,Representative species direct pages (NC State Plant Toolbox / RHS ornamental guidance): Plumbago auriculata,基线基于该属在 plants 表中的代表物种直达页面/权威园艺页面抽象；适用于 genus baseline，具体品种差异由 care_overrides 处理。,L1_representative_species_direct,representative_species_direct,,2026-03-22 00:13:11,2026-03-22 00:13:11
Plumeria,Apocynaceae,Flowering,"{""way"": ""见干浇透"", ""freq"": [4, 6], ""unit"": ""天"", ""verb"": ""浇""}","{""freq"": [7, 10], ""type"": ""稀释"", ""unit"": ""天"", ""other"": """"}","{""way"": ""散射光"", ""freq"": [4, 6], ""unit"": ""小时/天"", ""other"": ""避免直晒""}","{""level"": ""medium"", ""sensitivity"": ""low""}",18,28,60,80,low,audited,Representative species direct pages (NC State Plant Toolbox / RHS ornamental guidance): Plumeria rubra,基线基于该属在 plants 表中的代表物种直达页面/权威园艺页面抽象；适用于 genus baseline，具体品种差异由 care_overrides 处理。,L1_representative_species_direct,representative_species_direct,,2026-03-22 00:13:11,2026-03-22 00:13:11
Polyscias,Araliaceae,Foliage,"{""way"": ""见干浇透"", ""freq"": [7, 10], ""unit"": ""天"", ""verb"": ""浇""}","{""freq"": [15, 20], ""type"": ""稀释"", ""unit"": ""天"", ""other"": """"}","{""way"": ""散射光"", ""freq"": [4, 6], ""unit"": ""小时/天"", ""other"": ""可耐阴""}","{""level"": ""medium"", ""sensitivity"": ""low""}",18,30,50,70,low,audited,Representative species direct pages (NC State Plant Toolbox / RHS indoor plant guidance): Polyscias fruticosa,基线基于该属在 plants 表中的代表物种直达页面/权威园艺页面抽象；适用于 genus baseline，具体品种差异由 care_overrides 处理。,L1_representative_species_direct,representative_species_direct,,2026-03-22 00:13:11,2026-03-22 00:13:11
Pontederia,Pontederiaceae,Aquatic,"{""way"": ""保持水位"", ""freq"": [3, 5], ""unit"": ""天"", ""verb"": ""换水""}","{""freq"": [7, 10], ""type"": ""稀释"", ""unit"": ""天"", ""other"": """"}","{""way"": ""全日光"", ""freq"": [6, 8], ""unit"": ""小时/天"", ""other"": """"}","{""level"": ""medium"", ""sensitivity"": ""low""}",18,30,60,90,low,audited,RHS pond/marginal plant guidance + aquatic plant extension references,当前仍以类群/作物组或近缘代表资料归纳，待进一步推向 L1。,L2_derived_from_authoritative_sources,group_or_crop_derived,,2026-03-22 00:13:11,2026-03-22 00:13:11
Portulacaria,Portulacaceae,Succulent,"{""way"": ""宁干勿湿"", ""freq"": [10, 15], ""unit"": ""天"", ""verb"": ""浇""}","{""freq"": [20, 30], ""type"": ""稀释"", ""unit"": ""天"", ""other"": """"}","{""way"": ""全日光"", ""freq"": [4, 6], ""unit"": ""小时/天"", ""other"": ""可补光""}","{""level"": ""medium"", ""sensitivity"": ""low""}",10,30,30,50,low,audited,Representative species direct pages (NC State Plant Toolbox / xeric succulent references): Portulacaria afra,基线基于该属在 plants 表中的代表物种直达页面/权威园艺页面抽象；适用于 genus baseline，具体品种差异由 care_overrides 处理。,L1_representative_species_direct,representative_species_direct,,2026-03-22 00:13:11,2026-03-22 00:13:11
Pyrostegia,Bignoniaceae,Flowering,"{""way"": ""见干浇透"", ""freq"": [4, 6], ""unit"": ""天"", ""verb"": ""浇""}","{""freq"": [7, 10], ""type"": ""稀释"", ""unit"": ""天"", ""other"": """"}","{""way"": ""全日光"", ""freq"": [6, 8], ""unit"": ""小时/天"", ""other"": """"}","{""level"": ""medium"", ""sensitivity"": ""low""}",15,30,50,70,low,audited,Representative species direct pages (NC State Plant Toolbox / RHS ornamental guidance): Pyrostegia venusta,基线基于该属在 plants 表中的代表物种直达页面/权威园艺页面抽象；适用于 genus baseline，具体品种差异由 care_overrides 处理。,L1_representative_species_direct,representative_species_direct,,2026-03-22 00:13:11,2026-03-22 00:13:11
Radermachera,Bignoniaceae,Foliage,"{""way"": ""见干浇透"", ""freq"": [5, 7], ""unit"": ""天"", ""verb"": ""浇""}","{""freq"": [10, 15], ""type"": ""稀释"", ""unit"": ""天"", ""other"": """"}","{""way"": ""散射光"", ""freq"": [4, 6], ""unit"": ""小时/天"", ""other"": ""避免直晒""}","{""level"": ""medium"", ""sensitivity"": ""low""}",15,30,50,70,low,audited,Representative species direct pages (NC State Plant Toolbox / RHS indoor plant guidance): Radermachera sinica,基线基于该属在 plants 表中的代表物种直达页面/权威园艺页面抽象；适用于 genus baseline，具体品种差异由 care_overrides 处理。,L1_representative_species_direct,representative_species_direct,,2026-03-22 00:13:11,2026-03-22 00:13:11
Rhaphidophora,Araceae,Foliage,"{""way"": ""见干浇透"", ""freq"": [5, 7], ""unit"": ""天"", ""verb"": ""浇""}","{""freq"": [10, 15], ""type"": ""稀释"", ""unit"": ""天"", ""other"": """"}","{""way"": ""散射光"", ""freq"": [4, 6], ""unit"": ""小时/天"", ""other"": ""避免直晒""}","{""level"": ""medium"", ""sensitivity"": ""low""}",15,30,50,70,low,audited,Representative species direct pages (NC State Plant Toolbox / RHS indoor plant guidance): Rhaphidophora tetrasperma,基线基于该属在 plants 表中的代表物种直达页面/权威园艺页面抽象；适用于 genus baseline，具体品种差异由 care_overrides 处理。,L1_representative_species_direct,representative_species_direct,,2026-03-22 00:13:11,2026-03-22 00:13:11
Rhapis,Arecaceae,Foliage,"{""way"": ""见干浇透"", ""freq"": [5, 7], ""unit"": ""天"", ""verb"": ""浇""}","{""freq"": [10, 15], ""type"": ""稀释"", ""unit"": ""天"", ""other"": """"}","{""way"": ""散射光"", ""freq"": [4, 6], ""unit"": ""小时/天"", ""other"": ""避免直晒""}","{""level"": ""medium"", ""sensitivity"": ""low""}",15,30,50,70,low,audited,Representative species direct pages (NC State Plant Toolbox / RHS indoor plant guidance): Rhapis excelsa,基线基于该属在 plants 表中的代表物种直达页面/权威园艺页面抽象；适用于 genus baseline，具体品种差异由 care_overrides 处理。,L1_representative_species_direct,representative_species_direct,,2026-03-22 00:13:11,2026-03-22 00:13:11
Rhododendron,Ericaceae,Flowering,"{""way"": ""见干浇透"", ""freq"": [5, 7], ""unit"": ""天"", ""verb"": ""浇""}","{""freq"": [10, 15], ""type"": ""稀释"", ""unit"": ""天"", ""other"": """"}","{""way"": ""散射光"", ""freq"": [4, 6], ""unit"": ""小时/天"", ""other"": ""避免直晒""}","{""level"": ""medium"", ""sensitivity"": ""low""}",10,20,50,70,low,audited,Representative species direct pages (NC State Plant Toolbox / RHS ornamental guidance): Rhododendron simsii,基线基于该属在 plants 表中的代表物种直达页面/权威园艺页面抽象；适用于 genus baseline，具体品种差异由 care_overrides 处理。,L1_representative_species_direct,representative_species_direct,,2026-03-22 00:13:11,2026-03-22 00:13:11
Rosa,null,Flowering,"{""way"": ""见干浇透"", ""freq"": [5, 7], ""unit"": ""天"", ""verb"": ""浇""}","{""freq"": [10, 15], ""type"": ""稀释"", ""unit"": ""天"", ""other"": """"}","{""way"": ""散射光"", ""freq"": [4, 6], ""unit"": ""小时/天"", ""other"": ""避免直晒""}","{""level"": ""medium"", ""sensitivity"": ""low""}",10,20,50,70,medium,audited,Representative species direct pages (NC State Plant Toolbox / RHS ornamental guidance): Rosa chinensis; Rosa rugosa,基线基于该属在 plants 表中的代表物种直达页面/权威园艺页面抽象；适用于 genus baseline，具体品种差异由 care_overrides 处理。,L1_representative_species_direct,representative_species_direct,,2026-03-22 00:13:11,2026-03-22 00:13:11
Salvia,Lamiaceae,Herb,"{""way"": ""见干浇透"", ""freq"": [4, 6], ""unit"": ""天"", ""verb"": ""浇""}","{""freq"": [10, 15], ""type"": ""稀释"", ""unit"": ""天"", ""other"": """"}","{""way"": ""全日光"", ""freq"": [6, 8], ""unit"": ""小时/天"", ""other"": ""避免直晒""}","{""level"": ""medium"", ""sensitivity"": ""low""}",18,28,50,70,low,audited,Representative herb/species pages (RHS herb guidance / Extension): Salvia rosmarinus; Salvia officinalis,基线基于该属在 plants 表中的代表物种直达页面/权威园艺页面抽象；适用于 genus baseline，具体品种差异由 care_overrides 处理。,L1_representative_species_direct,representative_species_direct,,2026-03-22 00:13:11,2026-03-22 00:13:11
Schefflera,Araliaceae,Foliage,"{""way"": ""见干浇透"", ""freq"": [7, 10], ""unit"": ""天"", ""verb"": ""浇""}","{""freq"": [15, 20], ""type"": ""稀释"", ""unit"": ""天"", ""other"": """"}","{""way"": ""散射光"", ""freq"": [4, 6], ""unit"": ""小时/天"", ""other"": ""可耐阴""}","{""level"": ""medium"", ""sensitivity"": ""low""}",18,30,50,70,low,audited,Representative species direct pages (NC State Plant Toolbox / RHS indoor plant guidance): Schefflera arboricola,基线基于该属在 plants 表中的代表物种直达页面/权威园艺页面抽象；适用于 genus baseline，具体品种差异由 care_overrides 处理。,L1_representative_species_direct,representative_species_direct,,2026-03-22 00:13:11,2026-03-22 00:13:11
Schlumbergera,Cactaceae,Flowering,"{""way"": ""见干浇透"", ""freq"": [5, 7], ""unit"": ""天"", ""verb"": ""浇""}","{""freq"": [10, 15], ""type"": ""稀释"", ""unit"": ""天"", ""other"": """"}","{""way"": ""散射光"", ""freq"": [4, 6], ""unit"": ""小时/天"", ""other"": ""避免直晒""}","{""level"": ""medium"", ""sensitivity"": ""low""}",10,20,50,70,low,audited,Representative species direct pages (NC State Plant Toolbox / RHS ornamental guidance): Schlumbergera truncata,基线基于该属在 plants 表中的代表物种直达页面/权威园艺页面抽象；适用于 genus baseline，具体品种差异由 care_overrides 处理。,L1_representative_species_direct,representative_species_direct,,2026-03-22 00:13:11,2026-03-22 00:13:11
Schoenoplectus,Cyperaceae,Aquatic,"{""way"": ""保持水位"", ""freq"": [3, 5], ""unit"": ""天"", ""verb"": ""换水""}","{""freq"": [7, 10], ""type"": ""稀释"", ""unit"": ""天"", ""other"": """"}","{""way"": ""全日光"", ""freq"": [6, 8], ""unit"": ""小时/天"", ""other"": """"}","{""level"": ""medium"", ""sensitivity"": ""low""}",18,30,60,90,low,audited,RHS pond/marginal plant guidance + aquatic plant extension references,当前仍以类群/作物组或近缘代表资料归纳，待进一步推向 L1。,L2_derived_from_authoritative_sources,group_or_crop_derived,,2026-03-22 00:13:11,2026-03-22 00:13:11
Sedum,Crassulaceae,Succulent,"{""way"": ""干透再浇"", ""freq"": [10, 20]}","{""freq"": [20, 30], ""type"": ""稀释"", ""unit"": ""天"", ""other"": """"}","{""way"": ""强光""}","{""level"": ""high""}",5,30,20,60,low,audited,Representative species direct pages (NC State Plant Toolbox / xeric succulent references): Sedum rubrotinctum; Sedum pachyphyllum,基线基于该属在 plants 表中的代表物种直达页面/权威园艺页面抽象；适用于 genus baseline，具体品种差异由 care_overrides 处理。,L1_representative_species_direct,representative_species_direct,,2026-03-22 00:13:11,2026-03-22 00:13:11
Selaginella,Selaginellaceae,Foliage,"{""way"": ""见干浇透"", ""freq"": [7, 10], ""unit"": ""天"", ""verb"": ""浇""}","{""freq"": [10, 15], ""type"": ""稀释"", ""unit"": ""天"", ""other"": """"}","{""way"": ""散射光"", ""freq"": [4, 6], ""unit"": ""小时/天"", ""other"": ""避免直晒""}","{""level"": ""medium"", ""sensitivity"": ""low""}",18,28,60,80,low,audited,Representative species direct pages (NC State Plant Toolbox / RHS indoor plant guidance): Selaginella tamariscina,基线基于该属在 plants 表中的代表物种直达页面/权威园艺页面抽象；适用于 genus baseline，具体品种差异由 care_overrides 处理。,L1_representative_species_direct,representative_species_direct,,2026-03-22 00:13:11,2026-03-22 00:13:11
Selenicereus,Cactaceae,Succulent,"{""way"": ""宁干勿湿"", ""freq"": [15, 20], ""unit"": ""天"", ""verb"": ""浇""}","{""freq"": [20, 30], ""type"": ""稀释"", ""unit"": ""天"", ""other"": """"}","{""way"": ""全日光"", ""freq"": [6, 8], ""unit"": ""小时/天"", ""other"": ""可补光""}","{""level"": ""medium"", ""sensitivity"": ""low""}",10,30,25,45,low,audited,NC State Plant Toolbox succulent/cactus pages + extension succulent care guidance,当前仍以类群/作物组或近缘代表资料归纳，待进一步推向 L1。,L2_derived_from_authoritative_sources,group_or_crop_derived,,2026-03-22 00:13:11,2026-03-22 00:13:11
Sempervivum,Crassulaceae,Succulent,"{""way"": ""宁干勿湿"", ""freq"": [10, 15], ""unit"": ""天"", ""verb"": ""浇""}","{""freq"": [20, 30], ""type"": ""稀释"", ""unit"": ""天"", ""other"": """"}","{""way"": ""全日光"", ""freq"": [4, 6], ""unit"": ""小时/天"", ""other"": ""可补光""}","{""level"": ""medium"", ""sensitivity"": ""low""}",10,30,30,50,low,audited,NC State Plant Toolbox succulent/cactus pages + extension succulent care guidance,当前仍以类群/作物组或近缘代表资料归纳，待进一步推向 L1。,L2_derived_from_authoritative_sources,group_or_crop_derived,,2026-03-22 00:13:11,2026-03-22 00:13:11
Sinningia,Gesneriaceae,Flowering,"{""way"": ""见干浇透"", ""freq"": [4, 6], ""unit"": ""天"", ""verb"": ""浇""}","{""freq"": [7, 10], ""type"": ""稀释"", ""unit"": ""天"", ""other"": """"}","{""way"": ""散射光"", ""freq"": [4, 6], ""unit"": ""小时/天"", ""other"": ""避免直晒""}","{""level"": ""medium"", ""sensitivity"": ""low""}",18,28,60,80,low,audited,Representative species direct pages (NC State Plant Toolbox / RHS ornamental guidance): Sinningia speciosa,基线基于该属在 plants 表中的代表物种直达页面/权威园艺页面抽象；适用于 genus baseline，具体品种差异由 care_overrides 处理。,L1_representative_species_direct,representative_species_direct,,2026-03-22 00:13:11,2026-03-22 00:13:11
Solanum,Solanaceae,Vegetable,"{""way"": ""见干浇透"", ""freq"": [4, 6], ""unit"": ""天"", ""verb"": ""浇""}","{""freq"": [10, 15], ""type"": ""稀释"", ""unit"": ""天"", ""other"": """"}","{""way"": ""全日光"", ""freq"": [6, 8], ""unit"": ""小时/天"", ""other"": ""可补光""}","{""level"": ""medium"", ""sensitivity"": ""low""}",18,28,50,70,medium,audited,Representative crop/species pages (RHS Grow Your Own / Extension crop guidance): Solanum lycopersicum var. cerasiforme; Solanum melongena,基线基于该属在 plants 表中的代表物种直达页面/权威园艺页面抽象；适用于 genus baseline，具体品种差异由 care_overrides 处理。,L1_representative_species_direct,representative_species_direct,,2026-03-22 00:13:11,2026-03-22 00:13:11
Spathiphyllum,Araceae,Foliage,"{""way"": ""微干再浇"", ""freq"": [5, 9], ""unit"": ""天"", ""verb"": ""浇""}","{""freq"": [30, 45], ""type"": ""稀释"", ""unit"": ""天"", ""other"": ""生长期月施""}","{""way"": ""明亮散射光/半阴"", ""freq"": [2, 6], ""unit"": ""小时/天"", ""other"": ""可耐深阴，忌直晒""}","{""level"": ""medium"", ""sensitivity"": ""low""}",18,29,50,80,low,audited,Representative species direct pages (NC State Plant Toolbox / RHS indoor plant guidance): Spathiphyllum wallisii,基线基于该属在 plants 表中的代表物种直达页面/权威园艺页面抽象；适用于 genus baseline，具体品种差异由 care_overrides 处理。,L1_representative_species_direct,representative_species_direct,,2026-03-22 00:13:11,2026-03-22 00:13:11
Spinacia,Amaranthaceae,Vegetable,"{""way"": ""见干浇透"", ""freq"": [4, 6], ""unit"": ""天"", ""verb"": ""浇""}","{""freq"": [7, 10], ""type"": ""稀释"", ""unit"": ""天"", ""other"": """"}","{""way"": ""散射光"", ""freq"": [4, 6], ""unit"": ""小时/天"", ""other"": ""可补光""}","{""level"": ""medium"", ""sensitivity"": ""low""}",15,25,60,80,low,audited,Representative crop/species pages (RHS Grow Your Own / Extension crop guidance): Spinacia oleracea,基线基于该属在 plants 表中的代表物种直达页面/权威园艺页面抽象；适用于 genus baseline，具体品种差异由 care_overrides 处理。,L1_representative_species_direct,representative_species_direct,,2026-03-22 00:13:11,2026-03-22 00:13:11
Streptocarpus,Gesneriaceae,Flowering,"{""way"": ""见干浇透"", ""freq"": [4, 6], ""unit"": ""天"", ""verb"": ""浇""}","{""freq"": [7, 10], ""type"": ""稀释"", ""unit"": ""天"", ""other"": """"}","{""way"": ""散射光"", ""freq"": [4, 6], ""unit"": ""小时/天"", ""other"": ""避免直晒""}","{""level"": ""medium"", ""sensitivity"": ""low""}",18,28,60,80,low,audited,Representative species direct pages (NC State Plant Toolbox / RHS ornamental guidance): Streptocarpus ionanthus,基线基于该属在 plants 表中的代表物种直达页面/权威园艺页面抽象；适用于 genus baseline，具体品种差异由 care_overrides 处理。,L1_representative_species_direct,representative_species_direct,,2026-03-22 00:13:11,2026-03-22 00:13:11
Syngonium,Araceae,Foliage,"{""way"": ""微干再浇"", ""freq"": [5, 9]}","{""freq"": [10, 15], ""type"": ""稀释"", ""unit"": ""天"", ""other"": """"}","{""way"": ""明亮散射光""}","{""level"": ""medium""}",16,30,50,80,medium,audited,Representative species direct pages (NC State Plant Toolbox / RHS indoor plant guidance): Syngonium podophyllum,基线基于该属在 plants 表中的代表物种直达页面/权威园艺页面抽象；适用于 genus baseline，具体品种差异由 care_overrides 处理。,L1_representative_species_direct,representative_species_direct,,2026-03-22 00:13:11,2026-03-22 00:13:11
Thalia,Marantaceae,Aquatic,"{""way"": ""保持水位"", ""freq"": [3, 5], ""unit"": ""天"", ""verb"": ""换水""}","{""freq"": [7, 10], ""type"": ""稀释"", ""unit"": ""天"", ""other"": """"}","{""way"": ""全日光"", ""freq"": [6, 8], ""unit"": ""小时/天"", ""other"": """"}","{""level"": ""medium"", ""sensitivity"": ""low""}",18,30,60,90,low,audited,RHS pond/marginal plant guidance + aquatic plant extension references,当前仍以类群/作物组或近缘代表资料归纳，待进一步推向 L1。,L2_derived_from_authoritative_sources,group_or_crop_derived,,2026-03-22 00:13:11,2026-03-22 00:13:11
Thaumatophyllum,Araceae,Foliage,"{""way"": ""见干浇透"", ""freq"": [5, 7], ""unit"": ""天"", ""verb"": ""浇""}","{""freq"": [10, 15], ""type"": ""稀释"", ""unit"": ""天"", ""other"": """"}","{""way"": ""散射光"", ""freq"": [4, 6], ""unit"": ""小时/天"", ""other"": ""避免直晒""}","{""level"": ""medium"", ""sensitivity"": ""low""}",15,30,50,70,low,audited,Representative species direct pages (NC State Plant Toolbox / RHS indoor plant guidance): Thaumatophyllum bipinnatifidum,基线基于该属在 plants 表中的代表物种直达页面/权威园艺页面抽象；适用于 genus baseline，具体品种差异由 care_overrides 处理。,L1_representative_species_direct,representative_species_direct,,2026-03-22 00:13:11,2026-03-22 00:13:11
Thymus,Lamiaceae,Herb,"{""way"": ""见干浇透"", ""freq"": [4, 6], ""unit"": ""天"", ""verb"": ""浇""}","{""freq"": [10, 15], ""type"": ""稀释"", ""unit"": ""天"", ""other"": """"}","{""way"": ""全日光"", ""freq"": [6, 8], ""unit"": ""小时/天"", ""other"": ""避免直晒""}","{""level"": ""medium"", ""sensitivity"": ""low""}",18,28,50,70,low,audited,Representative herb/species pages (RHS herb guidance / Extension): Thymus vulgaris,基线基于该属在 plants 表中的代表物种直达页面/权威园艺页面抽象；适用于 genus baseline，具体品种差异由 care_overrides 处理。,L1_representative_species_direct,representative_species_direct,,2026-03-22 00:13:11,2026-03-22 00:13:11
Tillandsia,Bromeliaceae,Foliage,"{""way"": ""见干浇透"", ""freq"": [5, 7], ""unit"": ""天"", ""verb"": ""浇""}","{""freq"": [10, 15], ""type"": ""稀释"", ""unit"": ""天"", ""other"": """"}","{""way"": ""散射光"", ""freq"": [4, 6], ""unit"": ""小时/天"", ""other"": ""避免直晒""}","{""level"": ""medium"", ""sensitivity"": ""low""}",15,30,50,70,low,audited,Representative species direct pages (NC State Plant Toolbox / RHS indoor plant guidance): Tillandsia spp.,基线基于该属在 plants 表中的代表物种直达页面/权威园艺页面抽象；适用于 genus baseline，具体品种差异由 care_overrides 处理。,L1_representative_species_direct,representative_species_direct,,2026-03-22 00:13:11,2026-03-22 00:13:11
Trachelospermum,Apocynaceae,Flowering,"{""way"": ""见干浇透"", ""freq"": [4, 6], ""unit"": ""天"", ""verb"": ""浇""}","{""freq"": [7, 10], ""type"": ""稀释"", ""unit"": ""天"", ""other"": """"}","{""way"": ""散射光"", ""freq"": [4, 6], ""unit"": ""小时/天"", ""other"": ""避免直晒""}","{""level"": ""medium"", ""sensitivity"": ""low""}",18,28,60,80,low,audited,Representative species direct pages (NC State Plant Toolbox / RHS ornamental guidance): Trachelospermum jasminoides,基线基于该属在 plants 表中的代表物种直达页面/权威园艺页面抽象；适用于 genus baseline，具体品种差异由 care_overrides 处理。,L1_representative_species_direct,representative_species_direct,,2026-03-22 00:13:11,2026-03-22 00:13:11
Tradescantia,Commelinaceae,Foliage,"{""way"": ""见干浇透"", ""freq"": [5, 7], ""unit"": ""天"", ""verb"": ""浇""}","{""freq"": [10, 15], ""type"": ""稀释"", ""unit"": ""天"", ""other"": """"}","{""way"": ""散射光"", ""freq"": [4, 6], ""unit"": ""小时/天"", ""other"": ""避免直晒""}","{""level"": ""medium"", ""sensitivity"": ""low""}",15,30,50,70,medium,audited,Representative species direct pages (NC State Plant Toolbox / RHS indoor plant guidance): Tradescantia zebrina; Tradescantia pallida,基线基于该属在 plants 表中的代表物种直达页面/权威园艺页面抽象；适用于 genus baseline，具体品种差异由 care_overrides 处理。,L1_representative_species_direct,representative_species_direct,,2026-03-22 00:13:11,2026-03-22 00:13:11
Tropaeolum,Tropaeolaceae,Flowering,"{""way"": ""见干浇透"", ""freq"": [4, 6], ""unit"": ""天"", ""verb"": ""浇""}","{""freq"": [7, 10], ""type"": ""稀释"", ""unit"": ""天"", ""other"": """"}","{""way"": ""全日光"", ""freq"": [6, 8], ""unit"": ""小时/天"", ""other"": """"}","{""level"": ""medium"", ""sensitivity"": ""low""}",15,30,50,70,low,audited,Representative species direct pages (NC State Plant Toolbox / RHS ornamental guidance): Tropaeolum majus,基线基于该属在 plants 表中的代表物种直达页面/权威园艺页面抽象；适用于 genus baseline，具体品种差异由 care_overrides 处理。,L1_representative_species_direct,representative_species_direct,,2026-03-22 00:13:11,2026-03-22 00:13:11
Tulipa,Liliaceae,Bulb Flower,"{""way"": ""见干浇透"", ""freq"": [5, 7], ""unit"": ""天"", ""verb"": ""浇""}","{""freq"": [10, 15], ""type"": ""稀释"", ""unit"": ""天"", ""other"": """"}","{""way"": ""散射光"", ""freq"": [4, 6], ""unit"": ""小时/天"", ""other"": ""避免直晒""}","{""level"": ""medium"", ""sensitivity"": ""low""}",10,20,50,70,low,audited,RHS ornamental flower/shrub guides + extension ornamental references,当前仍以类群/作物组或近缘代表资料归纳，待进一步推向 L1。,L2_derived_from_authoritative_sources,group_or_crop_derived,,2026-03-22 00:13:11,2026-03-22 00:13:11
Vigna,Fabaceae,Vegetable,"{""way"": ""见干浇透"", ""freq"": [4, 6], ""unit"": ""天"", ""verb"": ""浇""}","{""freq"": [10, 15], ""type"": ""稀释"", ""unit"": ""天"", ""other"": """"}","{""way"": ""全日光"", ""freq"": [6, 8], ""unit"": ""小时/天"", ""other"": ""可补光""}","{""level"": ""medium"", ""sensitivity"": ""low""}",18,28,50,70,low,audited,Representative crop/species pages (RHS Grow Your Own / Extension crop guidance): Vigna unguiculata subsp. sesquipedalis,基线基于该属在 plants 表中的代表物种直达页面/权威园艺页面抽象；适用于 genus baseline，具体品种差异由 care_overrides 处理。,L1_representative_species_direct,representative_species_direct,,2026-03-22 00:13:11,2026-03-22 00:13:11
Viola,Violaceae,Flowering,"{""way"": ""见干浇透"", ""freq"": [4, 6], ""unit"": ""天"", ""verb"": ""浇""}","{""freq"": [7, 10], ""type"": ""稀释"", ""unit"": ""天"", ""other"": """"}","{""way"": ""全日光"", ""freq"": [6, 8], ""unit"": ""小时/天"", ""other"": """"}","{""level"": ""medium"", ""sensitivity"": ""low""}",15,30,50,70,low,audited,Representative species direct pages (NC State Plant Toolbox / RHS ornamental guidance): Viola × wittrockiana,基线基于该属在 plants 表中的代表物种直达页面/权威园艺页面抽象；适用于 genus baseline，具体品种差异由 care_overrides 处理。,L1_representative_species_direct,representative_species_direct,,2026-03-22 00:13:11,2026-03-22 00:13:11
Zamioculcas,Araceae,Foliage,"{""way"": ""见干浇透"", ""freq"": [5, 7], ""unit"": ""天"", ""verb"": ""浇""}","{""freq"": [10, 15], ""type"": ""稀释"", ""unit"": ""天"", ""other"": """"}","{""way"": ""散射光"", ""freq"": [4, 6], ""unit"": ""小时/天"", ""other"": ""避免直晒""}","{""level"": ""medium"", ""sensitivity"": ""low""}",15,30,50,70,low,audited,Representative species direct pages (NC State Plant Toolbox / RHS indoor plant guidance): Zamioculcas zamiifolia,基线基于该属在 plants 表中的代表物种直达页面/权威园艺页面抽象；适用于 genus baseline，具体品种差异由 care_overrides 处理。,L1_representative_species_direct,representative_species_direct,,2026-03-22 00:13:11,2026-03-22 00:13:11
Zantedeschia,Araceae,Flowering,"{""way"": ""见干浇透"", ""freq"": [5, 7], ""unit"": ""天"", ""verb"": ""浇""}","{""freq"": [10, 15], ""type"": ""稀释"", ""unit"": ""天"", ""other"": """"}","{""way"": ""散射光"", ""freq"": [4, 6], ""unit"": ""小时/天"", ""other"": ""避免直晒""}","{""level"": ""medium"", ""sensitivity"": ""low""}",10,20,50,70,low,audited,Representative species direct pages (NC State Plant Toolbox / RHS ornamental guidance): Zantedeschia aethiopica,基线基于该属在 plants 表中的代表物种直达页面/权威园艺页面抽象；适用于 genus baseline，具体品种差异由 care_overrides 处理。,L1_representative_species_direct,representative_species_direct,,2026-03-22 00:13:11,2026-03-22 00:13:11
Zinnia,Asteraceae,Flowering,"{""way"": ""见干浇透"", ""freq"": [4, 6], ""unit"": ""天"", ""verb"": ""浇""}","{""freq"": [7, 10], ""type"": ""稀释"", ""unit"": ""天"", ""other"": """"}","{""way"": ""全日光"", ""freq"": [6, 8], ""unit"": ""小时/天"", ""other"": """"}","{""level"": ""medium"", ""sensitivity"": ""low""}",15,30,50,70,low,audited,Representative species direct pages (NC State Plant Toolbox / RHS ornamental guidance): Zinnia elegans,基线基于该属在 plants 表中的代表物种直达页面/权威园艺页面抽象；适用于 genus baseline，具体品种差异由 care_overrides 处理。,L1_representative_species_direct,representative_species_direct,,2026-03-22 00:13:11,2026-03-22 00:13:11
